Copyright 1986-2022 Xilinx, Inc. All Rights Reserved. Copyright 2022-2024 Advanced Micro Devices, Inc. All Rights Reserved.
---------------------------------------------------------------------------------------------------------------------------------------------------------------------------------------------------------------------------------------------
| Tool Version : Vivado v.2024.1 (win64) Build 5076996 Wed May 22 18:37:14 MDT 2024
| Date         : Sat Aug 29 16:44:48 2026
| Host         : LAPTOP-J02AFG1P running 64-bit major release  (build 9200)
| Command      : report_timing_summary -max_paths 10 -report_unconstrained -file ticket_price_top_timing_summary_routed.rpt -pb ticket_price_top_timing_summary_routed.pb -rpx ticket_price_top_timing_summary_routed.rpx -warn_on_violation
| Design       : ticket_price_top
| Device       : 7a75t-fgg484
| Speed File   : -2  PRODUCTION 1.23 2018-06-13
| Design State : Routed
---------------------------------------------------------------------------------------------------------------------------------------------------------------------------------------------------------------------------------------------

Timing Summary Report

------------------------------------------------------------------------------------------------
| Timer Settings
| --------------
------------------------------------------------------------------------------------------------

  Enable Multi Corner Analysis               :  Yes
  Enable Pessimism Removal                   :  Yes
  Pessimism Removal Resolution               :  Nearest Common Node
  Enable Input Delay Default Clock           :  No
  Enable Preset / Clear Arcs                 :  No
  Disable Flight Delays                      :  No
  Ignore I/O Paths                           :  No
  Timing Early Launch at Borrowing Latches   :  No
  Borrow Time for Max Delay Exceptions       :  Yes
  Merge Timing Exceptions                    :  Yes
  Inter-SLR Compensation                     :  Conservative

  Corner  Analyze    Analyze    
  Name    Max Paths  Min Paths  
  ------  ---------  ---------  
  Slow    Yes        Yes        
  Fast    Yes        Yes        


------------------------------------------------------------------------------------------------
| Report Methodology
| ------------------
------------------------------------------------------------------------------------------------

No report available as report_methodology has not been run prior. Run report_methodology on the current design for the summary of methodology violations.



check_timing report

Table of Contents
-----------------
1. checking no_clock (0)
2. checking constant_clock (0)
3. checking pulse_width_clock (0)
4. checking unconstrained_internal_endpoints (0)
5. checking no_input_delay (8)
6. checking no_output_delay (19)
7. checking multiple_clock (0)
8. checking generated_clocks (0)
9. checking loops (0)
10. checking partial_input_delay (0)
11. checking partial_output_delay (0)
12. checking latch_loops (0)

1. checking no_clock (0)
------------------------
 There are 0 register/latch pins with no clock.


2. checking constant_clock (0)
------------------------------
 There are 0 register/latch pins with constant_clock.


3. checking pulse_width_clock (0)
---------------------------------
 There are 0 register/latch pins which need pulse_width check


4. checking unconstrained_internal_endpoints (0)
------------------------------------------------
 There are 0 pins that are not constrained for maximum delay.

 There are 0 pins that are not constrained for maximum delay due to constant clock.


5. checking no_input_delay (8)
------------------------------
 There are 0 input ports with no input delay specified.

 There are 8 input ports with no input delay but user has a false path constraint. (MEDIUM)


6. checking no_output_delay (19)
--------------------------------
 There are 0 ports with no output delay specified.

 There are 19 ports with no output delay but user has a false path constraint (MEDIUM)

 There are 0 ports with no output delay but with a timing clock defined on it or propagating through it


7. checking multiple_clock (0)
------------------------------
 There are 0 register/latch pins with multiple clocks.


8. checking generated_clocks (0)
--------------------------------
 There are 0 generated clocks that are not connected to a clock source.


9. checking loops (0)
---------------------
 There are 0 combinational loops in the design.


10. checking partial_input_delay (0)
------------------------------------
 There are 0 input ports with partial input delay specified.


11. checking partial_output_delay (0)
-------------------------------------
 There are 0 ports with partial output delay specified.


12. checking latch_loops (0)
----------------------------
 There are 0 combinational latch loops in the design through latch input



------------------------------------------------------------------------------------------------
| Design Timing Summary
| ---------------------
------------------------------------------------------------------------------------------------

    WNS(ns)      TNS(ns)  TNS Failing Endpoints  TNS Total Endpoints      WHS(ns)      THS(ns)  THS Failing Endpoints  THS Total Endpoints     WPWS(ns)     TPWS(ns)  TPWS Failing Endpoints  TPWS Total Endpoints  
    -------      -------  ---------------------  -------------------      -------      -------  ---------------------  -------------------     --------     --------  ----------------------  --------------------  
     10.919        0.000                      0                  551        0.119        0.000                      0                  551        9.500        0.000                       0                   309  


All user specified timing constraints are met.


------------------------------------------------------------------------------------------------
| Clock Summary
| -------------
------------------------------------------------------------------------------------------------

Clock    Waveform(ns)       Period(ns)      Frequency(MHz)
-----    ------------       ----------      --------------
sys_clk  {0.000 10.000}     20.000          50.000          


------------------------------------------------------------------------------------------------
| Intra Clock Table
| -----------------
------------------------------------------------------------------------------------------------

Clock             WNS(ns)      TNS(ns)  TNS Failing Endpoints  TNS Total Endpoints      WHS(ns)      THS(ns)  THS Failing Endpoints  THS Total Endpoints     WPWS(ns)     TPWS(ns)  TPWS Failing Endpoints  TPWS Total Endpoints  
-----             -------      -------  ---------------------  -------------------      -------      -------  ---------------------  -------------------     --------     --------  ----------------------  --------------------  
sys_clk            10.919        0.000                      0                  551        0.119        0.000                      0                  551        9.500        0.000                       0                   309  


------------------------------------------------------------------------------------------------
| Inter Clock Table
| -----------------
------------------------------------------------------------------------------------------------

From Clock    To Clock          WNS(ns)      TNS(ns)  TNS Failing Endpoints  TNS Total Endpoints      WHS(ns)      THS(ns)  THS Failing Endpoints  THS Total Endpoints  
----------    --------          -------      -------  ---------------------  -------------------      -------      -------  ---------------------  -------------------  


------------------------------------------------------------------------------------------------
| Other Path Groups Table
| -----------------------
------------------------------------------------------------------------------------------------

Path Group    From Clock    To Clock          WNS(ns)      TNS(ns)  TNS Failing Endpoints  TNS Total Endpoints      WHS(ns)      THS(ns)  THS Failing Endpoints  THS Total Endpoints  
----------    ----------    --------          -------      -------  ---------------------  -------------------      -------      -------  ---------------------  -------------------  


------------------------------------------------------------------------------------------------
| User Ignored Path Table
| -----------------------
------------------------------------------------------------------------------------------------

Path Group    From Clock    To Clock    
----------    ----------    --------    
(none)        sys_clk                     
(none)                      sys_clk       


------------------------------------------------------------------------------------------------
| Unconstrained Path Table
| ------------------------
------------------------------------------------------------------------------------------------

Path Group    From Clock    To Clock    
----------    ----------    --------    


------------------------------------------------------------------------------------------------
| Timing Details
| --------------
------------------------------------------------------------------------------------------------


---------------------------------------------------------------------------------------------------
From Clock:  sys_clk
  To Clock:  sys_clk

Setup :            0  Failing Endpoints,  Worst Slack       10.919ns,  Total Violation        0.000ns
Hold  :            0  Failing Endpoints,  Worst Slack        0.119ns,  Total Violation        0.000ns
PW    :            0  Failing Endpoints,  Worst Slack        9.500ns,  Total Violation        0.000ns
---------------------------------------------------------------------------------------------------


Max Delay Paths
--------------------------------------------------------------------------------------
Slack (MET) :             10.919ns  (required time - arrival time)
  Source:                 u_distance_lookup/address_reg_reg_0/CLKARDCLK
                            (rising edge-triggered cell RAMB36E1 clocked by sys_clk  {rise@0.000ns fall@10.000ns period=20.000ns})
  Destination:            unit_fare_reg[0]/D
                            (rising edge-triggered cell FDRE clocked by sys_clk  {rise@0.000ns fall@10.000ns period=20.000ns})
  Path Group:             sys_clk
  Path Type:              Setup (Max at Slow Process Corner)
  Requirement:            20.000ns  (sys_clk rise@20.000ns - sys_clk rise@0.000ns)
  Data Path Delay:        9.048ns  (logic 4.264ns (47.124%)  route 4.784ns (52.876%))
  Logic Levels:           15  (CARRY4=8 LUT1=1 LUT2=1 LUT3=1 LUT4=1 LUT6=3)
  Clock Path Skew:        -0.074ns (DCD - SCD + CPR)
    Destination Clock Delay (DCD):    4.375ns = ( 24.375 - 20.000 ) 
    Source Clock Delay      (SCD):    4.690ns
    Clock Pessimism Removal (CPR):    0.241ns
  Clock Uncertainty:      0.035ns  ((TSJ^2 + TIJ^2)^1/2 + DJ) / 2 + PE
    Total System Jitter     (TSJ):    0.071ns
    Total Input Jitter      (TIJ):    0.000ns
    Discrete Jitter          (DJ):    0.000ns
    Phase Error              (PE):    0.000ns

    Location             Delay type                Incr(ns)  Path(ns)    Netlist Resource(s)
  -------------------------------------------------------------------    -------------------
                         (clock sys_clk rise edge)    0.000     0.000 r  
    Y18                                               0.000     0.000 r  clk (IN)
                         net (fo=0)                   0.000     0.000    clk
    Y18                  IBUF (Prop_ibuf_I_O)         1.476     1.476 r  clk_IBUF_inst/O
                         net (fo=1, routed)           1.709     3.185    clk_IBUF
    BUFGCTRL_X0Y0        BUFG (Prop_bufg_I_O)         0.081     3.266 r  clk_IBUF_BUFG_inst/O
                         net (fo=308, routed)         1.424     4.690    u_distance_lookup/clk_IBUF_BUFG
    RAMB36_X0Y11         RAMB36E1                                     r  u_distance_lookup/address_reg_reg_0/CLKARDCLK
  -------------------------------------------------------------------    -------------------
    RAMB36_X0Y11         RAMB36E1 (Prop_ramb36e1_CLKARDCLK_DOADO[2])
                                                      0.734     5.424 f  u_distance_lookup/address_reg_reg_0/DOADO[2]
                         net (fo=7, routed)           1.098     6.522    u_distance_lookup/out[2]
    SLICE_X6Y60          LUT1 (Prop_lut1_I0_O)        0.105     6.627 r  u_distance_lookup/fare_yuan2_carry_i_2/O
                         net (fo=1, routed)           0.000     6.627    u_fare_calculator/fare_yuan1__28_carry_i_4[1]
    SLICE_X6Y60          CARRY4 (Prop_carry4_S[1]_CO[3])
                                                      0.444     7.071 r  u_fare_calculator/fare_yuan2_carry/CO[3]
                         net (fo=1, routed)           0.000     7.071    u_fare_calculator/fare_yuan2_carry_n_0
    SLICE_X6Y61          CARRY4 (Prop_carry4_CI_CO[3])
                                                      0.100     7.171 r  u_fare_calculator/fare_yuan2_carry__0/CO[3]
                         net (fo=1, routed)           0.000     7.171    u_fare_calculator/fare_yuan2_carry__0_n_0
    SLICE_X6Y62          CARRY4 (Prop_carry4_CI_CO[3])
                                                      0.100     7.271 r  u_fare_calculator/fare_yuan2_carry__1/CO[3]
                         net (fo=1, routed)           0.000     7.271    u_fare_calculator/fare_yuan2_carry__1_n_0
    SLICE_X6Y63          CARRY4 (Prop_carry4_CI_O[2])
                                                      0.199     7.470 r  u_fare_calculator/fare_yuan2_carry__2/O[2]
                         net (fo=25, routed)          1.106     8.577    u_distance_lookup/fare_yuan2[4]
    SLICE_X5Y59          LUT2 (Prop_lut2_I1_O)        0.258     8.835 r  u_distance_lookup/fare_yuan1_carry__1_i_2/O
                         net (fo=3, routed)           0.468     9.303    u_distance_lookup/address_reg_reg_3_7[0]
    SLICE_X5Y58          LUT3 (Prop_lut3_I0_O)        0.274     9.577 r  u_distance_lookup/fare_yuan1_carry_i_5/O
                         net (fo=1, routed)           0.000     9.577    u_fare_calculator/fare_yuan1__28_carry_i_7_2[0]
    SLICE_X5Y58          CARRY4 (Prop_carry4_S[0]_O[3])
                                                      0.503    10.080 r  u_fare_calculator/fare_yuan1_carry/O[3]
                         net (fo=3, routed)           0.677    10.757    u_fare_calculator/fare_yuan1_carry_n_4
    SLICE_X4Y60          LUT4 (Prop_lut4_I1_O)        0.257    11.014 r  u_fare_calculator/fare_yuan1__28_carry__0_i_7/O
                         net (fo=1, routed)           0.000    11.014    u_fare_calculator/fare_yuan1__28_carry__0_i_7_n_0
    SLICE_X4Y60          CARRY4 (Prop_carry4_S[1]_CO[3])
                                                      0.457    11.471 r  u_fare_calculator/fare_yuan1__28_carry__0/CO[3]
                         net (fo=1, routed)           0.000    11.471    u_fare_calculator/fare_yuan1__28_carry__0_n_0
    SLICE_X4Y61          CARRY4 (Prop_carry4_CI_CO[3])
                                                      0.098    11.569 r  u_fare_calculator/fare_yuan1__28_carry__1/CO[3]
                         net (fo=1, routed)           0.000    11.569    u_fare_calculator/fare_yuan1__28_carry__1_n_0
    SLICE_X4Y62          CARRY4 (Prop_carry4_CI_CO[0])
                                                      0.216    11.785 r  u_fare_calculator/fare_yuan1__28_carry__2/CO[0]
                         net (fo=4, routed)           0.397    12.182    u_distance_lookup/CO[0]
    SLICE_X6Y65          LUT6 (Prop_lut6_I3_O)        0.309    12.491 r  u_distance_lookup/unit_fare[0]_i_5/O
                         net (fo=1, routed)           0.476    12.967    u_distance_lookup/unit_fare[0]_i_5_n_0
    SLICE_X8Y65          LUT6 (Prop_lut6_I0_O)        0.105    13.072 f  u_distance_lookup/unit_fare[0]_i_2/O
                         net (fo=1, routed)           0.562    13.634    u_distance_lookup/unit_fare[0]_i_2_n_0
    SLICE_X8Y69          LUT6 (Prop_lut6_I0_O)        0.105    13.739 r  u_distance_lookup/unit_fare[0]_i_1/O
                         net (fo=1, routed)           0.000    13.739    u_distance_lookup_n_40
    SLICE_X8Y69          FDRE                                         r  unit_fare_reg[0]/D
  -------------------------------------------------------------------    -------------------

                         (clock sys_clk rise edge)   20.000    20.000 r  
    Y18                                               0.000    20.000 r  clk (IN)
                         net (fo=0)                   0.000    20.000    clk
    Y18                  IBUF (Prop_ibuf_I_O)         1.409    21.409 r  clk_IBUF_inst/O
                         net (fo=1, routed)           1.620    23.030    clk_IBUF
    BUFGCTRL_X0Y0        BUFG (Prop_bufg_I_O)         0.077    23.107 r  clk_IBUF_BUFG_inst/O
                         net (fo=308, routed)         1.269    24.375    clk_IBUF_BUFG
    SLICE_X8Y69          FDRE                                         r  unit_fare_reg[0]/C
                         clock pessimism              0.241    24.617    
                         clock uncertainty           -0.035    24.581    
    SLICE_X8Y69          FDRE (Setup_fdre_C_D)        0.076    24.657    unit_fare_reg[0]
  -------------------------------------------------------------------
                         required time                         24.657    
                         arrival time                         -13.739    
  -------------------------------------------------------------------
                         slack                                 10.919    

Slack (MET) :             11.258ns  (required time - arrival time)
  Source:                 u_distance_lookup/address_reg_reg_0/CLKARDCLK
                            (rising edge-triggered cell RAMB36E1 clocked by sys_clk  {rise@0.000ns fall@10.000ns period=20.000ns})
  Destination:            unit_fare_reg[1]/D
                            (rising edge-triggered cell FDSE clocked by sys_clk  {rise@0.000ns fall@10.000ns period=20.000ns})
  Path Group:             sys_clk
  Path Type:              Setup (Max at Slow Process Corner)
  Requirement:            20.000ns  (sys_clk rise@20.000ns - sys_clk rise@0.000ns)
  Data Path Delay:        8.714ns  (logic 4.264ns (48.931%)  route 4.450ns (51.069%))
  Logic Levels:           15  (CARRY4=8 LUT1=1 LUT2=1 LUT3=1 LUT4=3 LUT6=1)
  Clock Path Skew:        -0.023ns (DCD - SCD + CPR)
    Destination Clock Delay (DCD):    4.442ns = ( 24.442 - 20.000 ) 
    Source Clock Delay      (SCD):    4.690ns
    Clock Pessimism Removal (CPR):    0.225ns
  Clock Uncertainty:      0.035ns  ((TSJ^2 + TIJ^2)^1/2 + DJ) / 2 + PE
    Total System Jitter     (TSJ):    0.071ns
    Total Input Jitter      (TIJ):    0.000ns
    Discrete Jitter          (DJ):    0.000ns
    Phase Error              (PE):    0.000ns

    Location             Delay type                Incr(ns)  Path(ns)    Netlist Resource(s)
  -------------------------------------------------------------------    -------------------
                         (clock sys_clk rise edge)    0.000     0.000 r  
    Y18                                               0.000     0.000 r  clk (IN)
                         net (fo=0)                   0.000     0.000    clk
    Y18                  IBUF (Prop_ibuf_I_O)         1.476     1.476 r  clk_IBUF_inst/O
                         net (fo=1, routed)           1.709     3.185    clk_IBUF
    BUFGCTRL_X0Y0        BUFG (Prop_bufg_I_O)         0.081     3.266 r  clk_IBUF_BUFG_inst/O
                         net (fo=308, routed)         1.424     4.690    u_distance_lookup/clk_IBUF_BUFG
    RAMB36_X0Y11         RAMB36E1                                     r  u_distance_lookup/address_reg_reg_0/CLKARDCLK
  -------------------------------------------------------------------    -------------------
    RAMB36_X0Y11         RAMB36E1 (Prop_ramb36e1_CLKARDCLK_DOADO[2])
                                                      0.734     5.424 f  u_distance_lookup/address_reg_reg_0/DOADO[2]
                         net (fo=7, routed)           1.098     6.522    u_distance_lookup/out[2]
    SLICE_X6Y60          LUT1 (Prop_lut1_I0_O)        0.105     6.627 r  u_distance_lookup/fare_yuan2_carry_i_2/O
                         net (fo=1, routed)           0.000     6.627    u_fare_calculator/fare_yuan1__28_carry_i_4[1]
    SLICE_X6Y60          CARRY4 (Prop_carry4_S[1]_CO[3])
                                                      0.444     7.071 r  u_fare_calculator/fare_yuan2_carry/CO[3]
                         net (fo=1, routed)           0.000     7.071    u_fare_calculator/fare_yuan2_carry_n_0
    SLICE_X6Y61          CARRY4 (Prop_carry4_CI_CO[3])
                                                      0.100     7.171 r  u_fare_calculator/fare_yuan2_carry__0/CO[3]
                         net (fo=1, routed)           0.000     7.171    u_fare_calculator/fare_yuan2_carry__0_n_0
    SLICE_X6Y62          CARRY4 (Prop_carry4_CI_CO[3])
                                                      0.100     7.271 r  u_fare_calculator/fare_yuan2_carry__1/CO[3]
                         net (fo=1, routed)           0.000     7.271    u_fare_calculator/fare_yuan2_carry__1_n_0
    SLICE_X6Y63          CARRY4 (Prop_carry4_CI_O[2])
                                                      0.199     7.470 r  u_fare_calculator/fare_yuan2_carry__2/O[2]
                         net (fo=25, routed)          1.106     8.577    u_distance_lookup/fare_yuan2[4]
    SLICE_X5Y59          LUT2 (Prop_lut2_I1_O)        0.258     8.835 r  u_distance_lookup/fare_yuan1_carry__1_i_2/O
                         net (fo=3, routed)           0.468     9.303    u_distance_lookup/address_reg_reg_3_7[0]
    SLICE_X5Y58          LUT3 (Prop_lut3_I0_O)        0.274     9.577 r  u_distance_lookup/fare_yuan1_carry_i_5/O
                         net (fo=1, routed)           0.000     9.577    u_fare_calculator/fare_yuan1__28_carry_i_7_2[0]
    SLICE_X5Y58          CARRY4 (Prop_carry4_S[0]_O[3])
                                                      0.503    10.080 r  u_fare_calculator/fare_yuan1_carry/O[3]
                         net (fo=3, routed)           0.677    10.757    u_fare_calculator/fare_yuan1_carry_n_4
    SLICE_X4Y60          LUT4 (Prop_lut4_I1_O)        0.257    11.014 r  u_fare_calculator/fare_yuan1__28_carry__0_i_7/O
                         net (fo=1, routed)           0.000    11.014    u_fare_calculator/fare_yuan1__28_carry__0_i_7_n_0
    SLICE_X4Y60          CARRY4 (Prop_carry4_S[1]_CO[3])
                                                      0.457    11.471 r  u_fare_calculator/fare_yuan1__28_carry__0/CO[3]
                         net (fo=1, routed)           0.000    11.471    u_fare_calculator/fare_yuan1__28_carry__0_n_0
    SLICE_X4Y61          CARRY4 (Prop_carry4_CI_CO[3])
                                                      0.098    11.569 r  u_fare_calculator/fare_yuan1__28_carry__1/CO[3]
                         net (fo=1, routed)           0.000    11.569    u_fare_calculator/fare_yuan1__28_carry__1_n_0
    SLICE_X4Y62          CARRY4 (Prop_carry4_CI_CO[0])
                                                      0.216    11.785 r  u_fare_calculator/fare_yuan1__28_carry__2/CO[0]
                         net (fo=4, routed)           0.401    12.186    u_distance_lookup/CO[0]
    SLICE_X6Y65          LUT4 (Prop_lut4_I1_O)        0.309    12.495 r  u_distance_lookup/unit_fare[1]_i_6/O
                         net (fo=1, routed)           0.258    12.753    u_distance_lookup/unit_fare[1]_i_6_n_0
    SLICE_X7Y65          LUT6 (Prop_lut6_I3_O)        0.105    12.858 r  u_distance_lookup/unit_fare[1]_i_2/O
                         net (fo=1, routed)           0.442    13.300    u_distance_lookup/unit_fare[1]_i_2_n_0
    SLICE_X7Y69          LUT4 (Prop_lut4_I2_O)        0.105    13.405 r  u_distance_lookup/unit_fare[1]_i_1/O
                         net (fo=1, routed)           0.000    13.405    u_distance_lookup_n_39
    SLICE_X7Y69          FDSE                                         r  unit_fare_reg[1]/D
  -------------------------------------------------------------------    -------------------

                         (clock sys_clk rise edge)   20.000    20.000 r  
    Y18                                               0.000    20.000 r  clk (IN)
                         net (fo=0)                   0.000    20.000    clk
    Y18                  IBUF (Prop_ibuf_I_O)         1.409    21.409 r  clk_IBUF_inst/O
                         net (fo=1, routed)           1.620    23.030    clk_IBUF
    BUFGCTRL_X0Y0        BUFG (Prop_bufg_I_O)         0.077    23.107 r  clk_IBUF_BUFG_inst/O
                         net (fo=308, routed)         1.336    24.442    clk_IBUF_BUFG
    SLICE_X7Y69          FDSE                                         r  unit_fare_reg[1]/C
                         clock pessimism              0.225    24.668    
                         clock uncertainty           -0.035    24.632    
    SLICE_X7Y69          FDSE (Setup_fdse_C_D)        0.030    24.662    unit_fare_reg[1]
  -------------------------------------------------------------------
                         required time                         24.662    
                         arrival time                         -13.405    
  -------------------------------------------------------------------
                         slack                                 11.258    

Slack (MET) :             11.454ns  (required time - arrival time)
  Source:                 u_distance_lookup/address_reg_reg_0/CLKARDCLK
                            (rising edge-triggered cell RAMB36E1 clocked by sys_clk  {rise@0.000ns fall@10.000ns period=20.000ns})
  Destination:            unit_fare_reg[2]/D
                            (rising edge-triggered cell FDRE clocked by sys_clk  {rise@0.000ns fall@10.000ns period=20.000ns})
  Path Group:             sys_clk
  Path Type:              Setup (Max at Slow Process Corner)
  Requirement:            20.000ns  (sys_clk rise@20.000ns - sys_clk rise@0.000ns)
  Data Path Delay:        8.509ns  (logic 4.159ns (48.879%)  route 4.350ns (51.121%))
  Logic Levels:           14  (CARRY4=8 LUT1=1 LUT2=1 LUT3=1 LUT4=1 LUT6=2)
  Clock Path Skew:        -0.074ns (DCD - SCD + CPR)
    Destination Clock Delay (DCD):    4.375ns = ( 24.375 - 20.000 ) 
    Source Clock Delay      (SCD):    4.690ns
    Clock Pessimism Removal (CPR):    0.241ns
  Clock Uncertainty:      0.035ns  ((TSJ^2 + TIJ^2)^1/2 + DJ) / 2 + PE
    Total System Jitter     (TSJ):    0.071ns
    Total Input Jitter      (TIJ):    0.000ns
    Discrete Jitter          (DJ):    0.000ns
    Phase Error              (PE):    0.000ns

    Location             Delay type                Incr(ns)  Path(ns)    Netlist Resource(s)
  -------------------------------------------------------------------    -------------------
                         (clock sys_clk rise edge)    0.000     0.000 r  
    Y18                                               0.000     0.000 r  clk (IN)
                         net (fo=0)                   0.000     0.000    clk
    Y18                  IBUF (Prop_ibuf_I_O)         1.476     1.476 r  clk_IBUF_inst/O
                         net (fo=1, routed)           1.709     3.185    clk_IBUF
    BUFGCTRL_X0Y0        BUFG (Prop_bufg_I_O)         0.081     3.266 r  clk_IBUF_BUFG_inst/O
                         net (fo=308, routed)         1.424     4.690    u_distance_lookup/clk_IBUF_BUFG
    RAMB36_X0Y11         RAMB36E1                                     r  u_distance_lookup/address_reg_reg_0/CLKARDCLK
  -------------------------------------------------------------------    -------------------
    RAMB36_X0Y11         RAMB36E1 (Prop_ramb36e1_CLKARDCLK_DOADO[2])
                                                      0.734     5.424 f  u_distance_lookup/address_reg_reg_0/DOADO[2]
                         net (fo=7, routed)           1.098     6.522    u_distance_lookup/out[2]
    SLICE_X6Y60          LUT1 (Prop_lut1_I0_O)        0.105     6.627 r  u_distance_lookup/fare_yuan2_carry_i_2/O
                         net (fo=1, routed)           0.000     6.627    u_fare_calculator/fare_yuan1__28_carry_i_4[1]
    SLICE_X6Y60          CARRY4 (Prop_carry4_S[1]_CO[3])
                                                      0.444     7.071 r  u_fare_calculator/fare_yuan2_carry/CO[3]
                         net (fo=1, routed)           0.000     7.071    u_fare_calculator/fare_yuan2_carry_n_0
    SLICE_X6Y61          CARRY4 (Prop_carry4_CI_CO[3])
                                                      0.100     7.171 r  u_fare_calculator/fare_yuan2_carry__0/CO[3]
                         net (fo=1, routed)           0.000     7.171    u_fare_calculator/fare_yuan2_carry__0_n_0
    SLICE_X6Y62          CARRY4 (Prop_carry4_CI_CO[3])
                                                      0.100     7.271 r  u_fare_calculator/fare_yuan2_carry__1/CO[3]
                         net (fo=1, routed)           0.000     7.271    u_fare_calculator/fare_yuan2_carry__1_n_0
    SLICE_X6Y63          CARRY4 (Prop_carry4_CI_O[2])
                                                      0.199     7.470 r  u_fare_calculator/fare_yuan2_carry__2/O[2]
                         net (fo=25, routed)          1.106     8.577    u_distance_lookup/fare_yuan2[4]
    SLICE_X5Y59          LUT2 (Prop_lut2_I1_O)        0.258     8.835 r  u_distance_lookup/fare_yuan1_carry__1_i_2/O
                         net (fo=3, routed)           0.468     9.303    u_distance_lookup/address_reg_reg_3_7[0]
    SLICE_X5Y58          LUT3 (Prop_lut3_I0_O)        0.274     9.577 r  u_distance_lookup/fare_yuan1_carry_i_5/O
                         net (fo=1, routed)           0.000     9.577    u_fare_calculator/fare_yuan1__28_carry_i_7_2[0]
    SLICE_X5Y58          CARRY4 (Prop_carry4_S[0]_O[3])
                                                      0.503    10.080 r  u_fare_calculator/fare_yuan1_carry/O[3]
                         net (fo=3, routed)           0.677    10.757    u_fare_calculator/fare_yuan1_carry_n_4
    SLICE_X4Y60          LUT4 (Prop_lut4_I1_O)        0.257    11.014 r  u_fare_calculator/fare_yuan1__28_carry__0_i_7/O
                         net (fo=1, routed)           0.000    11.014    u_fare_calculator/fare_yuan1__28_carry__0_i_7_n_0
    SLICE_X4Y60          CARRY4 (Prop_carry4_S[1]_CO[3])
                                                      0.457    11.471 r  u_fare_calculator/fare_yuan1__28_carry__0/CO[3]
                         net (fo=1, routed)           0.000    11.471    u_fare_calculator/fare_yuan1__28_carry__0_n_0
    SLICE_X4Y61          CARRY4 (Prop_carry4_CI_CO[3])
                                                      0.098    11.569 r  u_fare_calculator/fare_yuan1__28_carry__1/CO[3]
                         net (fo=1, routed)           0.000    11.569    u_fare_calculator/fare_yuan1__28_carry__1_n_0
    SLICE_X4Y62          CARRY4 (Prop_carry4_CI_CO[0])
                                                      0.216    11.785 r  u_fare_calculator/fare_yuan1__28_carry__2/CO[0]
                         net (fo=4, routed)           0.393    12.178    u_distance_lookup/CO[0]
    SLICE_X6Y65          LUT6 (Prop_lut6_I1_O)        0.309    12.487 r  u_distance_lookup/unit_fare[2]_i_6/O
                         net (fo=1, routed)           0.607    13.094    u_distance_lookup/unit_fare[2]_i_6_n_0
    SLICE_X8Y69          LUT6 (Prop_lut6_I5_O)        0.105    13.199 r  u_distance_lookup/unit_fare[2]_i_1/O
                         net (fo=1, routed)           0.000    13.199    u_distance_lookup_n_38
    SLICE_X8Y69          FDRE                                         r  unit_fare_reg[2]/D
  -------------------------------------------------------------------    -------------------

                         (clock sys_clk rise edge)   20.000    20.000 r  
    Y18                                               0.000    20.000 r  clk (IN)
                         net (fo=0)                   0.000    20.000    clk
    Y18                  IBUF (Prop_ibuf_I_O)         1.409    21.409 r  clk_IBUF_inst/O
                         net (fo=1, routed)           1.620    23.030    clk_IBUF
    BUFGCTRL_X0Y0        BUFG (Prop_bufg_I_O)         0.077    23.107 r  clk_IBUF_BUFG_inst/O
                         net (fo=308, routed)         1.269    24.375    clk_IBUF_BUFG
    SLICE_X8Y69          FDRE                                         r  unit_fare_reg[2]/C
                         clock pessimism              0.241    24.617    
                         clock uncertainty           -0.035    24.581    
    SLICE_X8Y69          FDRE (Setup_fdre_C_D)        0.072    24.653    unit_fare_reg[2]
  -------------------------------------------------------------------
                         required time                         24.653    
                         arrival time                         -13.199    
  -------------------------------------------------------------------
                         slack                                 11.454    

Slack (MET) :             11.736ns  (required time - arrival time)
  Source:                 u_distance_lookup/address_reg_reg_0/CLKARDCLK
                            (rising edge-triggered cell RAMB36E1 clocked by sys_clk  {rise@0.000ns fall@10.000ns period=20.000ns})
  Destination:            unit_fare_reg[4]/D
                            (rising edge-triggered cell FDRE clocked by sys_clk  {rise@0.000ns fall@10.000ns period=20.000ns})
  Path Group:             sys_clk
  Path Type:              Setup (Max at Slow Process Corner)
  Requirement:            20.000ns  (sys_clk rise@20.000ns - sys_clk rise@0.000ns)
  Data Path Delay:        8.278ns  (logic 4.159ns (50.243%)  route 4.119ns (49.757%))
  Logic Levels:           14  (CARRY4=8 LUT1=1 LUT2=1 LUT3=1 LUT4=1 LUT5=1 LUT6=1)
  Clock Path Skew:        -0.023ns (DCD - SCD + CPR)
    Destination Clock Delay (DCD):    4.442ns = ( 24.442 - 20.000 ) 
    Source Clock Delay      (SCD):    4.690ns
    Clock Pessimism Removal (CPR):    0.225ns
  Clock Uncertainty:      0.035ns  ((TSJ^2 + TIJ^2)^1/2 + DJ) / 2 + PE
    Total System Jitter     (TSJ):    0.071ns
    Total Input Jitter      (TIJ):    0.000ns
    Discrete Jitter          (DJ):    0.000ns
    Phase Error              (PE):    0.000ns

    Location             Delay type                Incr(ns)  Path(ns)    Netlist Resource(s)
  -------------------------------------------------------------------    -------------------
                         (clock sys_clk rise edge)    0.000     0.000 r  
    Y18                                               0.000     0.000 r  clk (IN)
                         net (fo=0)                   0.000     0.000    clk
    Y18                  IBUF (Prop_ibuf_I_O)         1.476     1.476 r  clk_IBUF_inst/O
                         net (fo=1, routed)           1.709     3.185    clk_IBUF
    BUFGCTRL_X0Y0        BUFG (Prop_bufg_I_O)         0.081     3.266 r  clk_IBUF_BUFG_inst/O
                         net (fo=308, routed)         1.424     4.690    u_distance_lookup/clk_IBUF_BUFG
    RAMB36_X0Y11         RAMB36E1                                     r  u_distance_lookup/address_reg_reg_0/CLKARDCLK
  -------------------------------------------------------------------    -------------------
    RAMB36_X0Y11         RAMB36E1 (Prop_ramb36e1_CLKARDCLK_DOADO[2])
                                                      0.734     5.424 f  u_distance_lookup/address_reg_reg_0/DOADO[2]
                         net (fo=7, routed)           1.098     6.522    u_distance_lookup/out[2]
    SLICE_X6Y60          LUT1 (Prop_lut1_I0_O)        0.105     6.627 r  u_distance_lookup/fare_yuan2_carry_i_2/O
                         net (fo=1, routed)           0.000     6.627    u_fare_calculator/fare_yuan1__28_carry_i_4[1]
    SLICE_X6Y60          CARRY4 (Prop_carry4_S[1]_CO[3])
                                                      0.444     7.071 r  u_fare_calculator/fare_yuan2_carry/CO[3]
                         net (fo=1, routed)           0.000     7.071    u_fare_calculator/fare_yuan2_carry_n_0
    SLICE_X6Y61          CARRY4 (Prop_carry4_CI_CO[3])
                                                      0.100     7.171 r  u_fare_calculator/fare_yuan2_carry__0/CO[3]
                         net (fo=1, routed)           0.000     7.171    u_fare_calculator/fare_yuan2_carry__0_n_0
    SLICE_X6Y62          CARRY4 (Prop_carry4_CI_CO[3])
                                                      0.100     7.271 r  u_fare_calculator/fare_yuan2_carry__1/CO[3]
                         net (fo=1, routed)           0.000     7.271    u_fare_calculator/fare_yuan2_carry__1_n_0
    SLICE_X6Y63          CARRY4 (Prop_carry4_CI_O[2])
                                                      0.199     7.470 r  u_fare_calculator/fare_yuan2_carry__2/O[2]
                         net (fo=25, routed)          1.106     8.577    u_distance_lookup/fare_yuan2[4]
    SLICE_X5Y59          LUT2 (Prop_lut2_I1_O)        0.258     8.835 r  u_distance_lookup/fare_yuan1_carry__1_i_2/O
                         net (fo=3, routed)           0.468     9.303    u_distance_lookup/address_reg_reg_3_7[0]
    SLICE_X5Y58          LUT3 (Prop_lut3_I0_O)        0.274     9.577 r  u_distance_lookup/fare_yuan1_carry_i_5/O
                         net (fo=1, routed)           0.000     9.577    u_fare_calculator/fare_yuan1__28_carry_i_7_2[0]
    SLICE_X5Y58          CARRY4 (Prop_carry4_S[0]_O[3])
                                                      0.503    10.080 r  u_fare_calculator/fare_yuan1_carry/O[3]
                         net (fo=3, routed)           0.677    10.757    u_fare_calculator/fare_yuan1_carry_n_4
    SLICE_X4Y60          LUT4 (Prop_lut4_I1_O)        0.257    11.014 r  u_fare_calculator/fare_yuan1__28_carry__0_i_7/O
                         net (fo=1, routed)           0.000    11.014    u_fare_calculator/fare_yuan1__28_carry__0_i_7_n_0
    SLICE_X4Y60          CARRY4 (Prop_carry4_S[1]_CO[3])
                                                      0.457    11.471 r  u_fare_calculator/fare_yuan1__28_carry__0/CO[3]
                         net (fo=1, routed)           0.000    11.471    u_fare_calculator/fare_yuan1__28_carry__0_n_0
    SLICE_X4Y61          CARRY4 (Prop_carry4_CI_CO[3])
                                                      0.098    11.569 r  u_fare_calculator/fare_yuan1__28_carry__1/CO[3]
                         net (fo=1, routed)           0.000    11.569    u_fare_calculator/fare_yuan1__28_carry__1_n_0
    SLICE_X4Y62          CARRY4 (Prop_carry4_CI_CO[0])
                                                      0.216    11.785 f  u_fare_calculator/fare_yuan1__28_carry__2/CO[0]
                         net (fo=4, routed)           0.393    12.178    u_distance_lookup/CO[0]
    SLICE_X6Y65          LUT5 (Prop_lut5_I1_O)        0.309    12.487 r  u_distance_lookup/unit_fare[4]_i_6/O
                         net (fo=2, routed)           0.376    12.863    u_distance_lookup/unit_fare[4]_i_6_n_0
    SLICE_X6Y69          LUT6 (Prop_lut6_I1_O)        0.105    12.968 r  u_distance_lookup/unit_fare[4]_i_2/O
                         net (fo=1, routed)           0.000    12.968    u_distance_lookup_n_36
    SLICE_X6Y69          FDRE                                         r  unit_fare_reg[4]/D
  -------------------------------------------------------------------    -------------------

                         (clock sys_clk rise edge)   20.000    20.000 r  
    Y18                                               0.000    20.000 r  clk (IN)
                         net (fo=0)                   0.000    20.000    clk
    Y18                  IBUF (Prop_ibuf_I_O)         1.409    21.409 r  clk_IBUF_inst/O
                         net (fo=1, routed)           1.620    23.030    clk_IBUF
    BUFGCTRL_X0Y0        BUFG (Prop_bufg_I_O)         0.077    23.107 r  clk_IBUF_BUFG_inst/O
                         net (fo=308, routed)         1.336    24.442    clk_IBUF_BUFG
    SLICE_X6Y69          FDRE                                         r  unit_fare_reg[4]/C
                         clock pessimism              0.225    24.668    
                         clock uncertainty           -0.035    24.632    
    SLICE_X6Y69          FDRE (Setup_fdre_C_D)        0.072    24.704    unit_fare_reg[4]
  -------------------------------------------------------------------
                         required time                         24.704    
                         arrival time                         -12.968    
  -------------------------------------------------------------------
                         slack                                 11.736    

Slack (MET) :             11.744ns  (required time - arrival time)
  Source:                 u_distance_lookup/address_reg_reg_0/CLKARDCLK
                            (rising edge-triggered cell RAMB36E1 clocked by sys_clk  {rise@0.000ns fall@10.000ns period=20.000ns})
  Destination:            unit_fare_reg[3]/D
                            (rising edge-triggered cell FDRE clocked by sys_clk  {rise@0.000ns fall@10.000ns period=20.000ns})
  Path Group:             sys_clk
  Path Type:              Setup (Max at Slow Process Corner)
  Requirement:            20.000ns  (sys_clk rise@20.000ns - sys_clk rise@0.000ns)
  Data Path Delay:        8.274ns  (logic 4.159ns (50.268%)  route 4.115ns (49.732%))
  Logic Levels:           14  (CARRY4=8 LUT1=1 LUT2=1 LUT3=1 LUT4=2 LUT5=1)
  Clock Path Skew:        -0.023ns (DCD - SCD + CPR)
    Destination Clock Delay (DCD):    4.442ns = ( 24.442 - 20.000 ) 
    Source Clock Delay      (SCD):    4.690ns
    Clock Pessimism Removal (CPR):    0.225ns
  Clock Uncertainty:      0.035ns  ((TSJ^2 + TIJ^2)^1/2 + DJ) / 2 + PE
    Total System Jitter     (TSJ):    0.071ns
    Total Input Jitter      (TIJ):    0.000ns
    Discrete Jitter          (DJ):    0.000ns
    Phase Error              (PE):    0.000ns

    Location             Delay type                Incr(ns)  Path(ns)    Netlist Resource(s)
  -------------------------------------------------------------------    -------------------
                         (clock sys_clk rise edge)    0.000     0.000 r  
    Y18                                               0.000     0.000 r  clk (IN)
                         net (fo=0)                   0.000     0.000    clk
    Y18                  IBUF (Prop_ibuf_I_O)         1.476     1.476 r  clk_IBUF_inst/O
                         net (fo=1, routed)           1.709     3.185    clk_IBUF
    BUFGCTRL_X0Y0        BUFG (Prop_bufg_I_O)         0.081     3.266 r  clk_IBUF_BUFG_inst/O
                         net (fo=308, routed)         1.424     4.690    u_distance_lookup/clk_IBUF_BUFG
    RAMB36_X0Y11         RAMB36E1                                     r  u_distance_lookup/address_reg_reg_0/CLKARDCLK
  -------------------------------------------------------------------    -------------------
    RAMB36_X0Y11         RAMB36E1 (Prop_ramb36e1_CLKARDCLK_DOADO[2])
                                                      0.734     5.424 f  u_distance_lookup/address_reg_reg_0/DOADO[2]
                         net (fo=7, routed)           1.098     6.522    u_distance_lookup/out[2]
    SLICE_X6Y60          LUT1 (Prop_lut1_I0_O)        0.105     6.627 r  u_distance_lookup/fare_yuan2_carry_i_2/O
                         net (fo=1, routed)           0.000     6.627    u_fare_calculator/fare_yuan1__28_carry_i_4[1]
    SLICE_X6Y60          CARRY4 (Prop_carry4_S[1]_CO[3])
                                                      0.444     7.071 r  u_fare_calculator/fare_yuan2_carry/CO[3]
                         net (fo=1, routed)           0.000     7.071    u_fare_calculator/fare_yuan2_carry_n_0
    SLICE_X6Y61          CARRY4 (Prop_carry4_CI_CO[3])
                                                      0.100     7.171 r  u_fare_calculator/fare_yuan2_carry__0/CO[3]
                         net (fo=1, routed)           0.000     7.171    u_fare_calculator/fare_yuan2_carry__0_n_0
    SLICE_X6Y62          CARRY4 (Prop_carry4_CI_CO[3])
                                                      0.100     7.271 r  u_fare_calculator/fare_yuan2_carry__1/CO[3]
                         net (fo=1, routed)           0.000     7.271    u_fare_calculator/fare_yuan2_carry__1_n_0
    SLICE_X6Y63          CARRY4 (Prop_carry4_CI_O[2])
                                                      0.199     7.470 r  u_fare_calculator/fare_yuan2_carry__2/O[2]
                         net (fo=25, routed)          1.106     8.577    u_distance_lookup/fare_yuan2[4]
    SLICE_X5Y59          LUT2 (Prop_lut2_I1_O)        0.258     8.835 r  u_distance_lookup/fare_yuan1_carry__1_i_2/O
                         net (fo=3, routed)           0.468     9.303    u_distance_lookup/address_reg_reg_3_7[0]
    SLICE_X5Y58          LUT3 (Prop_lut3_I0_O)        0.274     9.577 r  u_distance_lookup/fare_yuan1_carry_i_5/O
                         net (fo=1, routed)           0.000     9.577    u_fare_calculator/fare_yuan1__28_carry_i_7_2[0]
    SLICE_X5Y58          CARRY4 (Prop_carry4_S[0]_O[3])
                                                      0.503    10.080 r  u_fare_calculator/fare_yuan1_carry/O[3]
                         net (fo=3, routed)           0.677    10.757    u_fare_calculator/fare_yuan1_carry_n_4
    SLICE_X4Y60          LUT4 (Prop_lut4_I1_O)        0.257    11.014 r  u_fare_calculator/fare_yuan1__28_carry__0_i_7/O
                         net (fo=1, routed)           0.000    11.014    u_fare_calculator/fare_yuan1__28_carry__0_i_7_n_0
    SLICE_X4Y60          CARRY4 (Prop_carry4_S[1]_CO[3])
                                                      0.457    11.471 r  u_fare_calculator/fare_yuan1__28_carry__0/CO[3]
                         net (fo=1, routed)           0.000    11.471    u_fare_calculator/fare_yuan1__28_carry__0_n_0
    SLICE_X4Y61          CARRY4 (Prop_carry4_CI_CO[3])
                                                      0.098    11.569 r  u_fare_calculator/fare_yuan1__28_carry__1/CO[3]
                         net (fo=1, routed)           0.000    11.569    u_fare_calculator/fare_yuan1__28_carry__1_n_0
    SLICE_X4Y62          CARRY4 (Prop_carry4_CI_CO[0])
                                                      0.216    11.785 r  u_fare_calculator/fare_yuan1__28_carry__2/CO[0]
                         net (fo=4, routed)           0.393    12.178    u_distance_lookup/CO[0]
    SLICE_X6Y65          LUT5 (Prop_lut5_I1_O)        0.309    12.487 f  u_distance_lookup/unit_fare[4]_i_6/O
                         net (fo=2, routed)           0.372    12.859    u_distance_lookup/unit_fare[4]_i_6_n_0
    SLICE_X6Y69          LUT4 (Prop_lut4_I1_O)        0.105    12.964 r  u_distance_lookup/unit_fare[3]_i_1/O
                         net (fo=1, routed)           0.000    12.964    u_distance_lookup_n_37
    SLICE_X6Y69          FDRE                                         r  unit_fare_reg[3]/D
  -------------------------------------------------------------------    -------------------

                         (clock sys_clk rise edge)   20.000    20.000 r  
    Y18                                               0.000    20.000 r  clk (IN)
                         net (fo=0)                   0.000    20.000    clk
    Y18                  IBUF (Prop_ibuf_I_O)         1.409    21.409 r  clk_IBUF_inst/O
                         net (fo=1, routed)           1.620    23.030    clk_IBUF
    BUFGCTRL_X0Y0        BUFG (Prop_bufg_I_O)         0.077    23.107 r  clk_IBUF_BUFG_inst/O
                         net (fo=308, routed)         1.336    24.442    clk_IBUF_BUFG
    SLICE_X6Y69          FDRE                                         r  unit_fare_reg[3]/C
                         clock pessimism              0.225    24.668    
                         clock uncertainty           -0.035    24.632    
    SLICE_X6Y69          FDRE (Setup_fdre_C_D)        0.076    24.708    unit_fare_reg[3]
  -------------------------------------------------------------------
                         required time                         24.708    
                         arrival time                         -12.964    
  -------------------------------------------------------------------
                         slack                                 11.744    

Slack (MET) :             12.439ns  (required time - arrival time)
  Source:                 destination_global_reg[2]/C
                            (rising edge-triggered cell FDRE clocked by sys_clk  {rise@0.000ns fall@10.000ns period=20.000ns})
  Destination:            u_distance_lookup/address_reg_reg_4/ADDRARDADDR[12]
                            (rising edge-triggered cell RAMB18E1 clocked by sys_clk  {rise@0.000ns fall@10.000ns period=20.000ns})
  Path Group:             sys_clk
  Path Type:              Setup (Max at Slow Process Corner)
  Requirement:            20.000ns  (sys_clk rise@20.000ns - sys_clk rise@0.000ns)
  Data Path Delay:        6.888ns  (logic 2.344ns (34.033%)  route 4.544ns (65.967%))
  Logic Levels:           7  (CARRY4=3 LUT3=1 LUT4=1 LUT5=1 LUT6=1)
  Clock Path Skew:        -0.003ns (DCD - SCD + CPR)
    Destination Clock Delay (DCD):    4.417ns = ( 24.417 - 20.000 ) 
    Source Clock Delay      (SCD):    4.646ns
    Clock Pessimism Removal (CPR):    0.225ns
  Clock Uncertainty:      0.035ns  ((TSJ^2 + TIJ^2)^1/2 + DJ) / 2 + PE
    Total System Jitter     (TSJ):    0.071ns
    Total Input Jitter      (TIJ):    0.000ns
    Discrete Jitter          (DJ):    0.000ns
    Phase Error              (PE):    0.000ns

    Location             Delay type                Incr(ns)  Path(ns)    Netlist Resource(s)
  -------------------------------------------------------------------    -------------------
                         (clock sys_clk rise edge)    0.000     0.000 r  
    Y18                                               0.000     0.000 r  clk (IN)
                         net (fo=0)                   0.000     0.000    clk
    Y18                  IBUF (Prop_ibuf_I_O)         1.476     1.476 r  clk_IBUF_inst/O
                         net (fo=1, routed)           1.709     3.185    clk_IBUF
    BUFGCTRL_X0Y0        BUFG (Prop_bufg_I_O)         0.081     3.266 r  clk_IBUF_BUFG_inst/O
                         net (fo=308, routed)         1.380     4.646    clk_IBUF_BUFG
    SLICE_X12Y66         FDRE                                         r  destination_global_reg[2]/C
  -------------------------------------------------------------------    -------------------
    SLICE_X12Y66         FDRE (Prop_fdre_C_Q)         0.433     5.079 r  destination_global_reg[2]/Q
                         net (fo=5, routed)           0.821     5.899    u_distance_lookup/same_station_reg_reg_1[2]
    SLICE_X11Y67         LUT4 (Prop_lut4_I1_O)        0.105     6.004 r  u_distance_lookup/high_index1_carry_i_7/O
                         net (fo=1, routed)           0.000     6.004    u_distance_lookup/high_index1_carry_i_7_n_0
    SLICE_X11Y67         CARRY4 (Prop_carry4_S[1]_CO[3])
                                                      0.457     6.461 r  u_distance_lookup/high_index1_carry/CO[3]
                         net (fo=23, routed)          0.883     7.344    u_distance_lookup/high_index1
    SLICE_X12Y65         LUT3 (Prop_lut3_I2_O)        0.105     7.449 r  u_distance_lookup/g0_b4__4_i_2/O
                         net (fo=18, routed)          0.871     8.320    u_distance_lookup/g0_b4__4_i_2_n_0
    SLICE_X11Y64         LUT6 (Prop_lut6_I1_O)        0.264     8.584 r  u_distance_lookup/g0_b5__3/O
                         net (fo=2, routed)           0.352     8.936    u_distance_lookup/u_triangle_base/address_reg_reg_0_2
    SLICE_X11Y64         LUT5 (Prop_lut5_I4_O)        0.126     9.062 r  u_distance_lookup/u_triangle_base/address_reg_reg_0_i_11/O
                         net (fo=1, routed)           0.485     9.547    u_distance_lookup/u_triangle_base_n_7
    SLICE_X10Y64         CARRY4 (Prop_carry4_DI[1]_CO[3])
                                                      0.592    10.139 r  u_distance_lookup/address_reg_reg_0_i_3/CO[3]
                         net (fo=1, routed)           0.000    10.139    u_distance_lookup/address_reg_reg_0_i_3_n_0
    SLICE_X10Y65         CARRY4 (Prop_carry4_CI_O[3])
                                                      0.262    10.401 r  u_distance_lookup/address_reg_reg_0_i_2/O[3]
                         net (fo=5, routed)           1.132    11.533    u_distance_lookup/sel[11]
    RAMB18_X0Y20         RAMB18E1                                     r  u_distance_lookup/address_reg_reg_4/ADDRARDADDR[12]
  -------------------------------------------------------------------    -------------------

                         (clock sys_clk rise edge)   20.000    20.000 r  
    Y18                                               0.000    20.000 r  clk (IN)
                         net (fo=0)                   0.000    20.000    clk
    Y18                  IBUF (Prop_ibuf_I_O)         1.409    21.409 r  clk_IBUF_inst/O
                         net (fo=1, routed)           1.620    23.030    clk_IBUF
    BUFGCTRL_X0Y0        BUFG (Prop_bufg_I_O)         0.077    23.107 r  clk_IBUF_BUFG_inst/O
                         net (fo=308, routed)         1.311    24.417    u_distance_lookup/clk_IBUF_BUFG
    RAMB18_X0Y20         RAMB18E1                                     r  u_distance_lookup/address_reg_reg_4/CLKARDCLK
                         clock pessimism              0.225    24.643    
                         clock uncertainty           -0.035    24.607    
    RAMB18_X0Y20         RAMB18E1 (Setup_ramb18e1_CLKARDCLK_ADDRARDADDR[12])
                                                     -0.635    23.972    u_distance_lookup/address_reg_reg_4
  -------------------------------------------------------------------
                         required time                         23.972    
                         arrival time                         -11.533    
  -------------------------------------------------------------------
                         slack                                 12.439    

Slack (MET) :             12.488ns  (required time - arrival time)
  Source:                 destination_global_reg[2]/C
                            (rising edge-triggered cell FDRE clocked by sys_clk  {rise@0.000ns fall@10.000ns period=20.000ns})
  Destination:            u_distance_lookup/address_reg_reg_4/ADDRARDADDR[10]
                            (rising edge-triggered cell RAMB18E1 clocked by sys_clk  {rise@0.000ns fall@10.000ns period=20.000ns})
  Path Group:             sys_clk
  Path Type:              Setup (Max at Slow Process Corner)
  Requirement:            20.000ns  (sys_clk rise@20.000ns - sys_clk rise@0.000ns)
  Data Path Delay:        6.844ns  (logic 2.339ns (34.178%)  route 4.505ns (65.822%))
  Logic Levels:           7  (CARRY4=3 LUT3=1 LUT4=1 LUT5=1 LUT6=1)
  Clock Path Skew:        -0.003ns (DCD - SCD + CPR)
    Destination Clock Delay (DCD):    4.417ns = ( 24.417 - 20.000 ) 
    Source Clock Delay      (SCD):    4.646ns
    Clock Pessimism Removal (CPR):    0.225ns
  Clock Uncertainty:      0.035ns  ((TSJ^2 + TIJ^2)^1/2 + DJ) / 2 + PE
    Total System Jitter     (TSJ):    0.071ns
    Total Input Jitter      (TIJ):    0.000ns
    Discrete Jitter          (DJ):    0.000ns
    Phase Error              (PE):    0.000ns

    Location             Delay type                Incr(ns)  Path(ns)    Netlist Resource(s)
  -------------------------------------------------------------------    -------------------
                         (clock sys_clk rise edge)    0.000     0.000 r  
    Y18                                               0.000     0.000 r  clk (IN)
                         net (fo=0)                   0.000     0.000    clk
    Y18                  IBUF (Prop_ibuf_I_O)         1.476     1.476 r  clk_IBUF_inst/O
                         net (fo=1, routed)           1.709     3.185    clk_IBUF
    BUFGCTRL_X0Y0        BUFG (Prop_bufg_I_O)         0.081     3.266 r  clk_IBUF_BUFG_inst/O
                         net (fo=308, routed)         1.380     4.646    clk_IBUF_BUFG
    SLICE_X12Y66         FDRE                                         r  destination_global_reg[2]/C
  -------------------------------------------------------------------    -------------------
    SLICE_X12Y66         FDRE (Prop_fdre_C_Q)         0.433     5.079 r  destination_global_reg[2]/Q
                         net (fo=5, routed)           0.821     5.899    u_distance_lookup/same_station_reg_reg_1[2]
    SLICE_X11Y67         LUT4 (Prop_lut4_I1_O)        0.105     6.004 r  u_distance_lookup/high_index1_carry_i_7/O
                         net (fo=1, routed)           0.000     6.004    u_distance_lookup/high_index1_carry_i_7_n_0
    SLICE_X11Y67         CARRY4 (Prop_carry4_S[1]_CO[3])
                                                      0.457     6.461 r  u_distance_lookup/high_index1_carry/CO[3]
                         net (fo=23, routed)          0.883     7.344    u_distance_lookup/high_index1
    SLICE_X12Y65         LUT3 (Prop_lut3_I2_O)        0.105     7.449 r  u_distance_lookup/g0_b4__4_i_2/O
                         net (fo=18, routed)          0.871     8.320    u_distance_lookup/g0_b4__4_i_2_n_0
    SLICE_X11Y64         LUT6 (Prop_lut6_I1_O)        0.264     8.584 r  u_distance_lookup/g0_b5__3/O
                         net (fo=2, routed)           0.352     8.936    u_distance_lookup/u_triangle_base/address_reg_reg_0_2
    SLICE_X11Y64         LUT5 (Prop_lut5_I4_O)        0.126     9.062 r  u_distance_lookup/u_triangle_base/address_reg_reg_0_i_11/O
                         net (fo=1, routed)           0.485     9.547    u_distance_lookup/u_triangle_base_n_7
    SLICE_X10Y64         CARRY4 (Prop_carry4_DI[1]_CO[3])
                                                      0.592    10.139 r  u_distance_lookup/address_reg_reg_0_i_3/CO[3]
                         net (fo=1, routed)           0.000    10.139    u_distance_lookup/address_reg_reg_0_i_3_n_0
    SLICE_X10Y65         CARRY4 (Prop_carry4_CI_O[1])
                                                      0.257    10.396 r  u_distance_lookup/address_reg_reg_0_i_2/O[1]
                         net (fo=5, routed)           1.093    11.489    u_distance_lookup/sel[9]
    RAMB18_X0Y20         RAMB18E1                                     r  u_distance_lookup/address_reg_reg_4/ADDRARDADDR[10]
  -------------------------------------------------------------------    -------------------

                         (clock sys_clk rise edge)   20.000    20.000 r  
    Y18                                               0.000    20.000 r  clk (IN)
                         net (fo=0)                   0.000    20.000    clk
    Y18                  IBUF (Prop_ibuf_I_O)         1.409    21.409 r  clk_IBUF_inst/O
                         net (fo=1, routed)           1.620    23.030    clk_IBUF
    BUFGCTRL_X0Y0        BUFG (Prop_bufg_I_O)         0.077    23.107 r  clk_IBUF_BUFG_inst/O
                         net (fo=308, routed)         1.311    24.417    u_distance_lookup/clk_IBUF_BUFG
    RAMB18_X0Y20         RAMB18E1                                     r  u_distance_lookup/address_reg_reg_4/CLKARDCLK
                         clock pessimism              0.225    24.643    
                         clock uncertainty           -0.035    24.607    
    RAMB18_X0Y20         RAMB18E1 (Setup_ramb18e1_CLKARDCLK_ADDRARDADDR[10])
                                                     -0.630    23.977    u_distance_lookup/address_reg_reg_4
  -------------------------------------------------------------------
                         required time                         23.977    
                         arrival time                         -11.489    
  -------------------------------------------------------------------
                         slack                                 12.488    

Slack (MET) :             12.609ns  (required time - arrival time)
  Source:                 destination_global_reg[2]/C
                            (rising edge-triggered cell FDRE clocked by sys_clk  {rise@0.000ns fall@10.000ns period=20.000ns})
  Destination:            u_distance_lookup/address_reg_reg_4/ADDRARDADDR[13]
                            (rising edge-triggered cell RAMB18E1 clocked by sys_clk  {rise@0.000ns fall@10.000ns period=20.000ns})
  Path Group:             sys_clk
  Path Type:              Setup (Max at Slow Process Corner)
  Requirement:            20.000ns  (sys_clk rise@20.000ns - sys_clk rise@0.000ns)
  Data Path Delay:        6.730ns  (logic 2.360ns (35.067%)  route 4.370ns (64.933%))
  Logic Levels:           8  (CARRY4=4 LUT3=1 LUT4=1 LUT5=1 LUT6=1)
  Clock Path Skew:        -0.003ns (DCD - SCD + CPR)
    Destination Clock Delay (DCD):    4.417ns = ( 24.417 - 20.000 ) 
    Source Clock Delay      (SCD):    4.646ns
    Clock Pessimism Removal (CPR):    0.225ns
  Clock Uncertainty:      0.035ns  ((TSJ^2 + TIJ^2)^1/2 + DJ) / 2 + PE
    Total System Jitter     (TSJ):    0.071ns
    Total Input Jitter      (TIJ):    0.000ns
    Discrete Jitter          (DJ):    0.000ns
    Phase Error              (PE):    0.000ns

    Location             Delay type                Incr(ns)  Path(ns)    Netlist Resource(s)
  -------------------------------------------------------------------    -------------------
                         (clock sys_clk rise edge)    0.000     0.000 r  
    Y18                                               0.000     0.000 r  clk (IN)
                         net (fo=0)                   0.000     0.000    clk
    Y18                  IBUF (Prop_ibuf_I_O)         1.476     1.476 r  clk_IBUF_inst/O
                         net (fo=1, routed)           1.709     3.185    clk_IBUF
    BUFGCTRL_X0Y0        BUFG (Prop_bufg_I_O)         0.081     3.266 r  clk_IBUF_BUFG_inst/O
                         net (fo=308, routed)         1.380     4.646    clk_IBUF_BUFG
    SLICE_X12Y66         FDRE                                         r  destination_global_reg[2]/C
  -------------------------------------------------------------------    -------------------
    SLICE_X12Y66         FDRE (Prop_fdre_C_Q)         0.433     5.079 r  destination_global_reg[2]/Q
                         net (fo=5, routed)           0.821     5.899    u_distance_lookup/same_station_reg_reg_1[2]
    SLICE_X11Y67         LUT4 (Prop_lut4_I1_O)        0.105     6.004 r  u_distance_lookup/high_index1_carry_i_7/O
                         net (fo=1, routed)           0.000     6.004    u_distance_lookup/high_index1_carry_i_7_n_0
    SLICE_X11Y67         CARRY4 (Prop_carry4_S[1]_CO[3])
                                                      0.457     6.461 r  u_distance_lookup/high_index1_carry/CO[3]
                         net (fo=23, routed)          0.883     7.344    u_distance_lookup/high_index1
    SLICE_X12Y65         LUT3 (Prop_lut3_I2_O)        0.105     7.449 r  u_distance_lookup/g0_b4__4_i_2/O
                         net (fo=18, routed)          0.871     8.320    u_distance_lookup/g0_b4__4_i_2_n_0
    SLICE_X11Y64         LUT6 (Prop_lut6_I1_O)        0.264     8.584 r  u_distance_lookup/g0_b5__3/O
                         net (fo=2, routed)           0.352     8.936    u_distance_lookup/u_triangle_base/address_reg_reg_0_2
    SLICE_X11Y64         LUT5 (Prop_lut5_I4_O)        0.126     9.062 r  u_distance_lookup/u_triangle_base/address_reg_reg_0_i_11/O
                         net (fo=1, routed)           0.485     9.547    u_distance_lookup/u_triangle_base_n_7
    SLICE_X10Y64         CARRY4 (Prop_carry4_DI[1]_CO[3])
                                                      0.592    10.139 r  u_distance_lookup/address_reg_reg_0_i_3/CO[3]
                         net (fo=1, routed)           0.000    10.139    u_distance_lookup/address_reg_reg_0_i_3_n_0
    SLICE_X10Y65         CARRY4 (Prop_carry4_CI_CO[3])
                                                      0.100    10.239 r  u_distance_lookup/address_reg_reg_0_i_2/CO[3]
                         net (fo=1, routed)           0.000    10.239    u_distance_lookup/address_reg_reg_0_i_2_n_0
    SLICE_X10Y66         CARRY4 (Prop_carry4_CI_O[0])
                                                      0.178    10.417 r  u_distance_lookup/address_reg_reg_0_i_1/O[0]
                         net (fo=5, routed)           0.958    11.375    u_distance_lookup/sel[12]
    RAMB18_X0Y20         RAMB18E1                                     r  u_distance_lookup/address_reg_reg_4/ADDRARDADDR[13]
  -------------------------------------------------------------------    -------------------

                         (clock sys_clk rise edge)   20.000    20.000 r  
    Y18                                               0.000    20.000 r  clk (IN)
                         net (fo=0)                   0.000    20.000    clk
    Y18                  IBUF (Prop_ibuf_I_O)         1.409    21.409 r  clk_IBUF_inst/O
                         net (fo=1, routed)           1.620    23.030    clk_IBUF
    BUFGCTRL_X0Y0        BUFG (Prop_bufg_I_O)         0.077    23.107 r  clk_IBUF_BUFG_inst/O
                         net (fo=308, routed)         1.311    24.417    u_distance_lookup/clk_IBUF_BUFG
    RAMB18_X0Y20         RAMB18E1                                     r  u_distance_lookup/address_reg_reg_4/CLKARDCLK
                         clock pessimism              0.225    24.643    
                         clock uncertainty           -0.035    24.607    
    RAMB18_X0Y20         RAMB18E1 (Setup_ramb18e1_CLKARDCLK_ADDRARDADDR[13])
                                                     -0.623    23.984    u_distance_lookup/address_reg_reg_4
  -------------------------------------------------------------------
                         required time                         23.984    
                         arrival time                         -11.375    
  -------------------------------------------------------------------
                         slack                                 12.609    

Slack (MET) :             12.659ns  (required time - arrival time)
  Source:                 destination_global_reg[2]/C
                            (rising edge-triggered cell FDRE clocked by sys_clk  {rise@0.000ns fall@10.000ns period=20.000ns})
  Destination:            u_distance_lookup/address_reg_reg_3/ADDRARDADDR[12]
                            (rising edge-triggered cell RAMB36E1 clocked by sys_clk  {rise@0.000ns fall@10.000ns period=20.000ns})
  Path Group:             sys_clk
  Path Type:              Setup (Max at Slow Process Corner)
  Requirement:            20.000ns  (sys_clk rise@20.000ns - sys_clk rise@0.000ns)
  Data Path Delay:        6.659ns  (logic 2.281ns (34.256%)  route 4.378ns (65.744%))
  Logic Levels:           7  (CARRY4=3 LUT3=1 LUT4=1 LUT5=1 LUT6=1)
  Clock Path Skew:        -0.018ns (DCD - SCD + CPR)
    Destination Clock Delay (DCD):    4.402ns = ( 24.402 - 20.000 ) 
    Source Clock Delay      (SCD):    4.646ns
    Clock Pessimism Removal (CPR):    0.225ns
  Clock Uncertainty:      0.035ns  ((TSJ^2 + TIJ^2)^1/2 + DJ) / 2 + PE
    Total System Jitter     (TSJ):    0.071ns
    Total Input Jitter      (TIJ):    0.000ns
    Discrete Jitter          (DJ):    0.000ns
    Phase Error              (PE):    0.000ns

    Location             Delay type                Incr(ns)  Path(ns)    Netlist Resource(s)
  -------------------------------------------------------------------    -------------------
                         (clock sys_clk rise edge)    0.000     0.000 r  
    Y18                                               0.000     0.000 r  clk (IN)
                         net (fo=0)                   0.000     0.000    clk
    Y18                  IBUF (Prop_ibuf_I_O)         1.476     1.476 r  clk_IBUF_inst/O
                         net (fo=1, routed)           1.709     3.185    clk_IBUF
    BUFGCTRL_X0Y0        BUFG (Prop_bufg_I_O)         0.081     3.266 r  clk_IBUF_BUFG_inst/O
                         net (fo=308, routed)         1.380     4.646    clk_IBUF_BUFG
    SLICE_X12Y66         FDRE                                         r  destination_global_reg[2]/C
  -------------------------------------------------------------------    -------------------
    SLICE_X12Y66         FDRE (Prop_fdre_C_Q)         0.433     5.079 r  destination_global_reg[2]/Q
                         net (fo=5, routed)           0.821     5.899    u_distance_lookup/same_station_reg_reg_1[2]
    SLICE_X11Y67         LUT4 (Prop_lut4_I1_O)        0.105     6.004 r  u_distance_lookup/high_index1_carry_i_7/O
                         net (fo=1, routed)           0.000     6.004    u_distance_lookup/high_index1_carry_i_7_n_0
    SLICE_X11Y67         CARRY4 (Prop_carry4_S[1]_CO[3])
                                                      0.457     6.461 r  u_distance_lookup/high_index1_carry/CO[3]
                         net (fo=23, routed)          0.883     7.344    u_distance_lookup/high_index1
    SLICE_X12Y65         LUT3 (Prop_lut3_I2_O)        0.105     7.449 r  u_distance_lookup/g0_b4__4_i_2/O
                         net (fo=18, routed)          0.871     8.320    u_distance_lookup/g0_b4__4_i_2_n_0
    SLICE_X11Y64         LUT6 (Prop_lut6_I1_O)        0.264     8.584 r  u_distance_lookup/g0_b5__3/O
                         net (fo=2, routed)           0.352     8.936    u_distance_lookup/u_triangle_base/address_reg_reg_0_2
    SLICE_X11Y64         LUT5 (Prop_lut5_I4_O)        0.126     9.062 r  u_distance_lookup/u_triangle_base/address_reg_reg_0_i_11/O
                         net (fo=1, routed)           0.485     9.547    u_distance_lookup/u_triangle_base_n_7
    SLICE_X10Y64         CARRY4 (Prop_carry4_DI[1]_CO[3])
                                                      0.592    10.139 r  u_distance_lookup/address_reg_reg_0_i_3/CO[3]
                         net (fo=1, routed)           0.000    10.139    u_distance_lookup/address_reg_reg_0_i_3_n_0
    SLICE_X10Y65         CARRY4 (Prop_carry4_CI_O[2])
                                                      0.199    10.338 r  u_distance_lookup/address_reg_reg_0_i_2/O[2]
                         net (fo=5, routed)           0.966    11.304    u_distance_lookup/sel[10]
    RAMB36_X0Y14         RAMB36E1                                     r  u_distance_lookup/address_reg_reg_3/ADDRARDADDR[12]
  -------------------------------------------------------------------    -------------------

                         (clock sys_clk rise edge)   20.000    20.000 r  
    Y18                                               0.000    20.000 r  clk (IN)
                         net (fo=0)                   0.000    20.000    clk
    Y18                  IBUF (Prop_ibuf_I_O)         1.409    21.409 r  clk_IBUF_inst/O
                         net (fo=1, routed)           1.620    23.030    clk_IBUF
    BUFGCTRL_X0Y0        BUFG (Prop_bufg_I_O)         0.077    23.107 r  clk_IBUF_BUFG_inst/O
                         net (fo=308, routed)         1.296    24.402    u_distance_lookup/clk_IBUF_BUFG
    RAMB36_X0Y14         RAMB36E1                                     r  u_distance_lookup/address_reg_reg_3/CLKARDCLK
                         clock pessimism              0.225    24.628    
                         clock uncertainty           -0.035    24.592    
    RAMB36_X0Y14         RAMB36E1 (Setup_ramb36e1_CLKARDCLK_ADDRARDADDR[12])
                                                     -0.629    23.963    u_distance_lookup/address_reg_reg_3
  -------------------------------------------------------------------
                         required time                         23.963    
                         arrival time                         -11.304    
  -------------------------------------------------------------------
                         slack                                 12.659    

Slack (MET) :             12.669ns  (required time - arrival time)
  Source:                 destination_global_reg[2]/C
                            (rising edge-triggered cell FDRE clocked by sys_clk  {rise@0.000ns fall@10.000ns period=20.000ns})
  Destination:            u_distance_lookup/address_reg_reg_1/ADDRARDADDR[12]
                            (rising edge-triggered cell RAMB36E1 clocked by sys_clk  {rise@0.000ns fall@10.000ns period=20.000ns})
  Path Group:             sys_clk
  Path Type:              Setup (Max at Slow Process Corner)
  Requirement:            20.000ns  (sys_clk rise@20.000ns - sys_clk rise@0.000ns)
  Data Path Delay:        6.659ns  (logic 2.281ns (34.256%)  route 4.378ns (65.744%))
  Logic Levels:           7  (CARRY4=3 LUT3=1 LUT4=1 LUT5=1 LUT6=1)
  Clock Path Skew:        -0.008ns (DCD - SCD + CPR)
    Destination Clock Delay (DCD):    4.412ns = ( 24.412 - 20.000 ) 
    Source Clock Delay      (SCD):    4.646ns
    Clock Pessimism Removal (CPR):    0.225ns
  Clock Uncertainty:      0.035ns  ((TSJ^2 + TIJ^2)^1/2 + DJ) / 2 + PE
    Total System Jitter     (TSJ):    0.071ns
    Total Input Jitter      (TIJ):    0.000ns
    Discrete Jitter          (DJ):    0.000ns
    Phase Error              (PE):    0.000ns

    Location             Delay type                Incr(ns)  Path(ns)    Netlist Resource(s)
  -------------------------------------------------------------------    -------------------
                         (clock sys_clk rise edge)    0.000     0.000 r  
    Y18                                               0.000     0.000 r  clk (IN)
                         net (fo=0)                   0.000     0.000    clk
    Y18                  IBUF (Prop_ibuf_I_O)         1.476     1.476 r  clk_IBUF_inst/O
                         net (fo=1, routed)           1.709     3.185    clk_IBUF
    BUFGCTRL_X0Y0        BUFG (Prop_bufg_I_O)         0.081     3.266 r  clk_IBUF_BUFG_inst/O
                         net (fo=308, routed)         1.380     4.646    clk_IBUF_BUFG
    SLICE_X12Y66         FDRE                                         r  destination_global_reg[2]/C
  -------------------------------------------------------------------    -------------------
    SLICE_X12Y66         FDRE (Prop_fdre_C_Q)         0.433     5.079 r  destination_global_reg[2]/Q
                         net (fo=5, routed)           0.821     5.899    u_distance_lookup/same_station_reg_reg_1[2]
    SLICE_X11Y67         LUT4 (Prop_lut4_I1_O)        0.105     6.004 r  u_distance_lookup/high_index1_carry_i_7/O
                         net (fo=1, routed)           0.000     6.004    u_distance_lookup/high_index1_carry_i_7_n_0
    SLICE_X11Y67         CARRY4 (Prop_carry4_S[1]_CO[3])
                                                      0.457     6.461 r  u_distance_lookup/high_index1_carry/CO[3]
                         net (fo=23, routed)          0.883     7.344    u_distance_lookup/high_index1
    SLICE_X12Y65         LUT3 (Prop_lut3_I2_O)        0.105     7.449 r  u_distance_lookup/g0_b4__4_i_2/O
                         net (fo=18, routed)          0.871     8.320    u_distance_lookup/g0_b4__4_i_2_n_0
    SLICE_X11Y64         LUT6 (Prop_lut6_I1_O)        0.264     8.584 r  u_distance_lookup/g0_b5__3/O
                         net (fo=2, routed)           0.352     8.936    u_distance_lookup/u_triangle_base/address_reg_reg_0_2
    SLICE_X11Y64         LUT5 (Prop_lut5_I4_O)        0.126     9.062 r  u_distance_lookup/u_triangle_base/address_reg_reg_0_i_11/O
                         net (fo=1, routed)           0.485     9.547    u_distance_lookup/u_triangle_base_n_7
    SLICE_X10Y64         CARRY4 (Prop_carry4_DI[1]_CO[3])
                                                      0.592    10.139 r  u_distance_lookup/address_reg_reg_0_i_3/CO[3]
                         net (fo=1, routed)           0.000    10.139    u_distance_lookup/address_reg_reg_0_i_3_n_0
    SLICE_X10Y65         CARRY4 (Prop_carry4_CI_O[2])
                                                      0.199    10.338 r  u_distance_lookup/address_reg_reg_0_i_2/O[2]
                         net (fo=5, routed)           0.966    11.304    u_distance_lookup/sel[10]
    RAMB36_X0Y12         RAMB36E1                                     r  u_distance_lookup/address_reg_reg_1/ADDRARDADDR[12]
  -------------------------------------------------------------------    -------------------

                         (clock sys_clk rise edge)   20.000    20.000 r  
    Y18                                               0.000    20.000 r  clk (IN)
                         net (fo=0)                   0.000    20.000    clk
    Y18                  IBUF (Prop_ibuf_I_O)         1.409    21.409 r  clk_IBUF_inst/O
                         net (fo=1, routed)           1.620    23.030    clk_IBUF
    BUFGCTRL_X0Y0        BUFG (Prop_bufg_I_O)         0.077    23.107 r  clk_IBUF_BUFG_inst/O
                         net (fo=308, routed)         1.306    24.412    u_distance_lookup/clk_IBUF_BUFG
    RAMB36_X0Y12         RAMB36E1                                     r  u_distance_lookup/address_reg_reg_1/CLKARDCLK
                         clock pessimism              0.225    24.638    
                         clock uncertainty           -0.035    24.602    
    RAMB36_X0Y12         RAMB36E1 (Setup_ramb36e1_CLKARDCLK_ADDRARDADDR[12])
                                                     -0.629    23.973    u_distance_lookup/address_reg_reg_1
  -------------------------------------------------------------------
                         required time                         23.973    
                         arrival time                         -11.304    
  -------------------------------------------------------------------
                         slack                                 12.669    





Min Delay Paths
--------------------------------------------------------------------------------------
Slack (MET) :             0.119ns  (arrival time - required time)
  Source:                 u_blink/saved_mask_reg[3]/C
                            (rising edge-triggered cell FDCE clocked by sys_clk  {rise@0.000ns fall@10.000ns period=20.000ns})
  Destination:            u_blink/active_mask_reg[3]/D
                            (rising edge-triggered cell FDCE clocked by sys_clk  {rise@0.000ns fall@10.000ns period=20.000ns})
  Path Group:             sys_clk
  Path Type:              Hold (Min at Fast Process Corner)
  Requirement:            0.000ns  (sys_clk rise@0.000ns - sys_clk rise@0.000ns)
  Data Path Delay:        0.252ns  (logic 0.186ns (73.841%)  route 0.066ns (26.159%))
  Logic Levels:           1  (LUT5=1)
  Clock Path Skew:        0.013ns (DCD - SCD - CPR)
    Destination Clock Delay (DCD):    2.053ns
    Source Clock Delay      (SCD):    1.539ns
    Clock Pessimism Removal (CPR):    0.501ns

    Location             Delay type                Incr(ns)  Path(ns)    Netlist Resource(s)
  -------------------------------------------------------------------    -------------------
                         (clock sys_clk rise edge)    0.000     0.000 r  
    Y18                                               0.000     0.000 r  clk (IN)
                         net (fo=0)                   0.000     0.000    clk
    Y18                  IBUF (Prop_ibuf_I_O)         0.312     0.312 r  clk_IBUF_inst/O
                         net (fo=1, routed)           0.640     0.952    clk_IBUF
    BUFGCTRL_X0Y0        BUFG (Prop_bufg_I_O)         0.026     0.978 r  clk_IBUF_BUFG_inst/O
                         net (fo=308, routed)         0.561     1.539    u_blink/clk_IBUF_BUFG
    SLICE_X13Y73         FDCE                                         r  u_blink/saved_mask_reg[3]/C
  -------------------------------------------------------------------    -------------------
    SLICE_X13Y73         FDCE (Prop_fdce_C_Q)         0.141     1.680 r  u_blink/saved_mask_reg[3]/Q
                         net (fo=2, routed)           0.066     1.746    u_blink/saved_mask[3]
    SLICE_X12Y73         LUT5 (Prop_lut5_I3_O)        0.045     1.791 r  u_blink/active_mask[3]_i_1/O
                         net (fo=1, routed)           0.000     1.791    u_blink/active_mask[3]_i_1_n_0
    SLICE_X12Y73         FDCE                                         r  u_blink/active_mask_reg[3]/D
  -------------------------------------------------------------------    -------------------

                         (clock sys_clk rise edge)    0.000     0.000 r  
    Y18                                               0.000     0.000 r  clk (IN)
                         net (fo=0)                   0.000     0.000    clk
    Y18                  IBUF (Prop_ibuf_I_O)         0.501     0.501 r  clk_IBUF_inst/O
                         net (fo=1, routed)           0.695     1.195    clk_IBUF
    BUFGCTRL_X0Y0        BUFG (Prop_bufg_I_O)         0.029     1.224 r  clk_IBUF_BUFG_inst/O
                         net (fo=308, routed)         0.829     2.053    u_blink/clk_IBUF_BUFG
    SLICE_X12Y73         FDCE                                         r  u_blink/active_mask_reg[3]/C
                         clock pessimism             -0.501     1.552    
    SLICE_X12Y73         FDCE (Hold_fdce_C_D)         0.120     1.672    u_blink/active_mask_reg[3]
  -------------------------------------------------------------------
                         required time                         -1.672    
                         arrival time                           1.791    
  -------------------------------------------------------------------
                         slack                                  0.119    

Slack (MET) :             0.121ns  (arrival time - required time)
  Source:                 u_key3/key_sync_reg[0]/C
                            (rising edge-triggered cell FDPE clocked by sys_clk  {rise@0.000ns fall@10.000ns period=20.000ns})
  Destination:            u_key3/key_sync_reg[1]/D
                            (rising edge-triggered cell FDPE clocked by sys_clk  {rise@0.000ns fall@10.000ns period=20.000ns})
  Path Group:             sys_clk
  Path Type:              Hold (Min at Fast Process Corner)
  Requirement:            0.000ns  (sys_clk rise@0.000ns - sys_clk rise@0.000ns)
  Data Path Delay:        0.196ns  (logic 0.141ns (71.838%)  route 0.055ns (28.162%))
  Logic Levels:           0  
  Clock Path Skew:        0.000ns (DCD - SCD - CPR)
    Destination Clock Delay (DCD):    2.094ns
    Source Clock Delay      (SCD):    1.576ns
    Clock Pessimism Removal (CPR):    0.518ns

    Location             Delay type                Incr(ns)  Path(ns)    Netlist Resource(s)
  -------------------------------------------------------------------    -------------------
                         (clock sys_clk rise edge)    0.000     0.000 r  
    Y18                                               0.000     0.000 r  clk (IN)
                         net (fo=0)                   0.000     0.000    clk
    Y18                  IBUF (Prop_ibuf_I_O)         0.312     0.312 r  clk_IBUF_inst/O
                         net (fo=1, routed)           0.640     0.952    clk_IBUF
    BUFGCTRL_X0Y0        BUFG (Prop_bufg_I_O)         0.026     0.978 r  clk_IBUF_BUFG_inst/O
                         net (fo=308, routed)         0.598     1.576    u_key3/clk_IBUF_BUFG
    SLICE_X3Y86          FDPE                                         r  u_key3/key_sync_reg[0]/C
  -------------------------------------------------------------------    -------------------
    SLICE_X3Y86          FDPE (Prop_fdpe_C_Q)         0.141     1.717 r  u_key3/key_sync_reg[0]/Q
                         net (fo=1, routed)           0.055     1.772    u_key3/key_sync[0]
    SLICE_X3Y86          FDPE                                         r  u_key3/key_sync_reg[1]/D
  -------------------------------------------------------------------    -------------------

                         (clock sys_clk rise edge)    0.000     0.000 r  
    Y18                                               0.000     0.000 r  clk (IN)
                         net (fo=0)                   0.000     0.000    clk
    Y18                  IBUF (Prop_ibuf_I_O)         0.501     0.501 r  clk_IBUF_inst/O
                         net (fo=1, routed)           0.695     1.195    clk_IBUF
    BUFGCTRL_X0Y0        BUFG (Prop_bufg_I_O)         0.029     1.224 r  clk_IBUF_BUFG_inst/O
                         net (fo=308, routed)         0.870     2.094    u_key3/clk_IBUF_BUFG
    SLICE_X3Y86          FDPE                                         r  u_key3/key_sync_reg[1]/C
                         clock pessimism             -0.518     1.576    
    SLICE_X3Y86          FDPE (Hold_fdpe_C_D)         0.075     1.651    u_key3/key_sync_reg[1]
  -------------------------------------------------------------------
                         required time                         -1.651    
                         arrival time                           1.772    
  -------------------------------------------------------------------
                         slack                                  0.121    

Slack (MET) :             0.130ns  (arrival time - required time)
  Source:                 u_key4/key_sync_reg[0]/C
                            (rising edge-triggered cell FDPE clocked by sys_clk  {rise@0.000ns fall@10.000ns period=20.000ns})
  Destination:            u_key4/key_sync_reg[1]/D
                            (rising edge-triggered cell FDPE clocked by sys_clk  {rise@0.000ns fall@10.000ns period=20.000ns})
  Path Group:             sys_clk
  Path Type:              Hold (Min at Fast Process Corner)
  Requirement:            0.000ns  (sys_clk rise@0.000ns - sys_clk rise@0.000ns)
  Data Path Delay:        0.205ns  (logic 0.141ns (68.843%)  route 0.064ns (31.157%))
  Logic Levels:           0  
  Clock Path Skew:        0.000ns (DCD - SCD - CPR)
    Destination Clock Delay (DCD):    2.095ns
    Source Clock Delay      (SCD):    1.577ns
    Clock Pessimism Removal (CPR):    0.518ns

    Location             Delay type                Incr(ns)  Path(ns)    Netlist Resource(s)
  -------------------------------------------------------------------    -------------------
                         (clock sys_clk rise edge)    0.000     0.000 r  
    Y18                                               0.000     0.000 r  clk (IN)
                         net (fo=0)                   0.000     0.000    clk
    Y18                  IBUF (Prop_ibuf_I_O)         0.312     0.312 r  clk_IBUF_inst/O
                         net (fo=1, routed)           0.640     0.952    clk_IBUF
    BUFGCTRL_X0Y0        BUFG (Prop_bufg_I_O)         0.026     0.978 r  clk_IBUF_BUFG_inst/O
                         net (fo=308, routed)         0.599     1.577    u_key4/clk_IBUF_BUFG
    SLICE_X0Y87          FDPE                                         r  u_key4/key_sync_reg[0]/C
  -------------------------------------------------------------------    -------------------
    SLICE_X0Y87          FDPE (Prop_fdpe_C_Q)         0.141     1.718 r  u_key4/key_sync_reg[0]/Q
                         net (fo=1, routed)           0.064     1.782    u_key4/key_sync[0]
    SLICE_X0Y87          FDPE                                         r  u_key4/key_sync_reg[1]/D
  -------------------------------------------------------------------    -------------------

                         (clock sys_clk rise edge)    0.000     0.000 r  
    Y18                                               0.000     0.000 r  clk (IN)
                         net (fo=0)                   0.000     0.000    clk
    Y18                  IBUF (Prop_ibuf_I_O)         0.501     0.501 r  clk_IBUF_inst/O
                         net (fo=1, routed)           0.695     1.195    clk_IBUF
    BUFGCTRL_X0Y0        BUFG (Prop_bufg_I_O)         0.029     1.224 r  clk_IBUF_BUFG_inst/O
                         net (fo=308, routed)         0.871     2.095    u_key4/clk_IBUF_BUFG
    SLICE_X0Y87          FDPE                                         r  u_key4/key_sync_reg[1]/C
                         clock pessimism             -0.518     1.577    
    SLICE_X0Y87          FDPE (Hold_fdpe_C_D)         0.075     1.652    u_key4/key_sync_reg[1]
  -------------------------------------------------------------------
                         required time                         -1.652    
                         arrival time                           1.782    
  -------------------------------------------------------------------
                         slack                                  0.130    

Slack (MET) :             0.131ns  (arrival time - required time)
  Source:                 origin_station_saved_reg[5]/C
                            (rising edge-triggered cell FDRE clocked by sys_clk  {rise@0.000ns fall@10.000ns period=20.000ns})
  Destination:            station_index_reg[5]/D
                            (rising edge-triggered cell FDRE clocked by sys_clk  {rise@0.000ns fall@10.000ns period=20.000ns})
  Path Group:             sys_clk
  Path Type:              Hold (Min at Fast Process Corner)
  Requirement:            0.000ns  (sys_clk rise@0.000ns - sys_clk rise@0.000ns)
  Data Path Delay:        0.265ns  (logic 0.186ns (70.071%)  route 0.079ns (29.929%))
  Logic Levels:           1  (LUT5=1)
  Clock Path Skew:        0.013ns (DCD - SCD - CPR)
    Destination Clock Delay (DCD):    2.057ns
    Source Clock Delay      (SCD):    1.542ns
    Clock Pessimism Removal (CPR):    0.502ns

    Location             Delay type                Incr(ns)  Path(ns)    Netlist Resource(s)
  -------------------------------------------------------------------    -------------------
                         (clock sys_clk rise edge)    0.000     0.000 r  
    Y18                                               0.000     0.000 r  clk (IN)
                         net (fo=0)                   0.000     0.000    clk
    Y18                  IBUF (Prop_ibuf_I_O)         0.312     0.312 r  clk_IBUF_inst/O
                         net (fo=1, routed)           0.640     0.952    clk_IBUF
    BUFGCTRL_X0Y0        BUFG (Prop_bufg_I_O)         0.026     0.978 r  clk_IBUF_BUFG_inst/O
                         net (fo=308, routed)         0.564     1.542    clk_IBUF_BUFG
    SLICE_X11Y70         FDRE                                         r  origin_station_saved_reg[5]/C
  -------------------------------------------------------------------    -------------------
    SLICE_X11Y70         FDRE (Prop_fdre_C_Q)         0.141     1.683 r  origin_station_saved_reg[5]/Q
                         net (fo=1, routed)           0.079     1.762    u_key3/station_index_reg[5][5]
    SLICE_X10Y70         LUT5 (Prop_lut5_I3_O)        0.045     1.807 r  u_key3/station_index[5]_i_2/O
                         net (fo=1, routed)           0.000     1.807    u_key3_n_5
    SLICE_X10Y70         FDRE                                         r  station_index_reg[5]/D
  -------------------------------------------------------------------    -------------------

                         (clock sys_clk rise edge)    0.000     0.000 r  
    Y18                                               0.000     0.000 r  clk (IN)
                         net (fo=0)                   0.000     0.000    clk
    Y18                  IBUF (Prop_ibuf_I_O)         0.501     0.501 r  clk_IBUF_inst/O
                         net (fo=1, routed)           0.695     1.195    clk_IBUF
    BUFGCTRL_X0Y0        BUFG (Prop_bufg_I_O)         0.029     1.224 r  clk_IBUF_BUFG_inst/O
                         net (fo=308, routed)         0.833     2.057    clk_IBUF_BUFG
    SLICE_X10Y70         FDRE                                         r  station_index_reg[5]/C
                         clock pessimism             -0.502     1.555    
    SLICE_X10Y70         FDRE (Hold_fdre_C_D)         0.121     1.676    station_index_reg[5]
  -------------------------------------------------------------------
                         required time                         -1.676    
                         arrival time                           1.807    
  -------------------------------------------------------------------
                         slack                                  0.131    

Slack (MET) :             0.159ns  (arrival time - required time)
  Source:                 u_key1/key_sync_reg[0]/C
                            (rising edge-triggered cell FDPE clocked by sys_clk  {rise@0.000ns fall@10.000ns period=20.000ns})
  Destination:            u_key1/key_sync_reg[1]/D
                            (rising edge-triggered cell FDPE clocked by sys_clk  {rise@0.000ns fall@10.000ns period=20.000ns})
  Path Group:             sys_clk
  Path Type:              Hold (Min at Fast Process Corner)
  Requirement:            0.000ns  (sys_clk rise@0.000ns - sys_clk rise@0.000ns)
  Data Path Delay:        0.219ns  (logic 0.164ns (74.792%)  route 0.055ns (25.208%))
  Logic Levels:           0  
  Clock Path Skew:        0.000ns (DCD - SCD - CPR)
    Destination Clock Delay (DCD):    2.061ns
    Source Clock Delay      (SCD):    1.546ns
    Clock Pessimism Removal (CPR):    0.515ns

    Location             Delay type                Incr(ns)  Path(ns)    Netlist Resource(s)
  -------------------------------------------------------------------    -------------------
                         (clock sys_clk rise edge)    0.000     0.000 r  
    Y18                                               0.000     0.000 r  clk (IN)
                         net (fo=0)                   0.000     0.000    clk
    Y18                  IBUF (Prop_ibuf_I_O)         0.312     0.312 r  clk_IBUF_inst/O
                         net (fo=1, routed)           0.640     0.952    clk_IBUF
    BUFGCTRL_X0Y0        BUFG (Prop_bufg_I_O)         0.026     0.978 r  clk_IBUF_BUFG_inst/O
                         net (fo=308, routed)         0.568     1.546    u_key1/clk_IBUF_BUFG
    SLICE_X12Y83         FDPE                                         r  u_key1/key_sync_reg[0]/C
  -------------------------------------------------------------------    -------------------
    SLICE_X12Y83         FDPE (Prop_fdpe_C_Q)         0.164     1.710 r  u_key1/key_sync_reg[0]/Q
                         net (fo=1, routed)           0.055     1.765    u_key1/key_sync[0]
    SLICE_X12Y83         FDPE                                         r  u_key1/key_sync_reg[1]/D
  -------------------------------------------------------------------    -------------------

                         (clock sys_clk rise edge)    0.000     0.000 r  
    Y18                                               0.000     0.000 r  clk (IN)
                         net (fo=0)                   0.000     0.000    clk
    Y18                  IBUF (Prop_ibuf_I_O)         0.501     0.501 r  clk_IBUF_inst/O
                         net (fo=1, routed)           0.695     1.195    clk_IBUF
    BUFGCTRL_X0Y0        BUFG (Prop_bufg_I_O)         0.029     1.224 r  clk_IBUF_BUFG_inst/O
                         net (fo=308, routed)         0.837     2.061    u_key1/clk_IBUF_BUFG
    SLICE_X12Y83         FDPE                                         r  u_key1/key_sync_reg[1]/C
                         clock pessimism             -0.515     1.546    
    SLICE_X12Y83         FDPE (Hold_fdpe_C_D)         0.060     1.606    u_key1/key_sync_reg[1]
  -------------------------------------------------------------------
                         required time                         -1.606    
                         arrival time                           1.765    
  -------------------------------------------------------------------
                         slack                                  0.159    

Slack (MET) :             0.166ns  (arrival time - required time)
  Source:                 u_key2/key_sync_reg[0]/C
                            (rising edge-triggered cell FDPE clocked by sys_clk  {rise@0.000ns fall@10.000ns period=20.000ns})
  Destination:            u_key2/key_sync_reg[1]/D
                            (rising edge-triggered cell FDPE clocked by sys_clk  {rise@0.000ns fall@10.000ns period=20.000ns})
  Path Group:             sys_clk
  Path Type:              Hold (Min at Fast Process Corner)
  Requirement:            0.000ns  (sys_clk rise@0.000ns - sys_clk rise@0.000ns)
  Data Path Delay:        0.219ns  (logic 0.164ns (74.792%)  route 0.055ns (25.208%))
  Logic Levels:           0  
  Clock Path Skew:        0.000ns (DCD - SCD - CPR)
    Destination Clock Delay (DCD):    2.061ns
    Source Clock Delay      (SCD):    1.546ns
    Clock Pessimism Removal (CPR):    0.515ns

    Location             Delay type                Incr(ns)  Path(ns)    Netlist Resource(s)
  -------------------------------------------------------------------    -------------------
                         (clock sys_clk rise edge)    0.000     0.000 r  
    Y18                                               0.000     0.000 r  clk (IN)
                         net (fo=0)                   0.000     0.000    clk
    Y18                  IBUF (Prop_ibuf_I_O)         0.312     0.312 r  clk_IBUF_inst/O
                         net (fo=1, routed)           0.640     0.952    clk_IBUF
    BUFGCTRL_X0Y0        BUFG (Prop_bufg_I_O)         0.026     0.978 r  clk_IBUF_BUFG_inst/O
                         net (fo=308, routed)         0.568     1.546    u_key2/clk_IBUF_BUFG
    SLICE_X12Y83         FDPE                                         r  u_key2/key_sync_reg[0]/C
  -------------------------------------------------------------------    -------------------
    SLICE_X12Y83         FDPE (Prop_fdpe_C_Q)         0.164     1.710 r  u_key2/key_sync_reg[0]/Q
                         net (fo=1, routed)           0.055     1.765    u_key2/key_sync[0]
    SLICE_X12Y83         FDPE                                         r  u_key2/key_sync_reg[1]/D
  -------------------------------------------------------------------    -------------------

                         (clock sys_clk rise edge)    0.000     0.000 r  
    Y18                                               0.000     0.000 r  clk (IN)
                         net (fo=0)                   0.000     0.000    clk
    Y18                  IBUF (Prop_ibuf_I_O)         0.501     0.501 r  clk_IBUF_inst/O
                         net (fo=1, routed)           0.695     1.195    clk_IBUF
    BUFGCTRL_X0Y0        BUFG (Prop_bufg_I_O)         0.029     1.224 r  clk_IBUF_BUFG_inst/O
                         net (fo=308, routed)         0.837     2.061    u_key2/clk_IBUF_BUFG
    SLICE_X12Y83         FDPE                                         r  u_key2/key_sync_reg[1]/C
                         clock pessimism             -0.515     1.546    
    SLICE_X12Y83         FDPE (Hold_fdpe_C_D)         0.053     1.599    u_key2/key_sync_reg[1]
  -------------------------------------------------------------------
                         required time                         -1.599    
                         arrival time                           1.765    
  -------------------------------------------------------------------
                         slack                                  0.166    

Slack (MET) :             0.181ns  (arrival time - required time)
  Source:                 origin_station_saved_reg[1]/C
                            (rising edge-triggered cell FDRE clocked by sys_clk  {rise@0.000ns fall@10.000ns period=20.000ns})
  Destination:            station_index_reg[1]/D
                            (rising edge-triggered cell FDRE clocked by sys_clk  {rise@0.000ns fall@10.000ns period=20.000ns})
  Path Group:             sys_clk
  Path Type:              Hold (Min at Fast Process Corner)
  Requirement:            0.000ns  (sys_clk rise@0.000ns - sys_clk rise@0.000ns)
  Data Path Delay:        0.288ns  (logic 0.186ns (64.681%)  route 0.102ns (35.319%))
  Logic Levels:           1  (LUT5=1)
  Clock Path Skew:        0.015ns (DCD - SCD - CPR)
    Destination Clock Delay (DCD):    2.058ns
    Source Clock Delay      (SCD):    1.542ns
    Clock Pessimism Removal (CPR):    0.501ns

    Location             Delay type                Incr(ns)  Path(ns)    Netlist Resource(s)
  -------------------------------------------------------------------    -------------------
                         (clock sys_clk rise edge)    0.000     0.000 r  
    Y18                                               0.000     0.000 r  clk (IN)
                         net (fo=0)                   0.000     0.000    clk
    Y18                  IBUF (Prop_ibuf_I_O)         0.312     0.312 r  clk_IBUF_inst/O
                         net (fo=1, routed)           0.640     0.952    clk_IBUF
    BUFGCTRL_X0Y0        BUFG (Prop_bufg_I_O)         0.026     0.978 r  clk_IBUF_BUFG_inst/O
                         net (fo=308, routed)         0.564     1.542    clk_IBUF_BUFG
    SLICE_X9Y70          FDRE                                         r  origin_station_saved_reg[1]/C
  -------------------------------------------------------------------    -------------------
    SLICE_X9Y70          FDRE (Prop_fdre_C_Q)         0.141     1.683 r  origin_station_saved_reg[1]/Q
                         net (fo=1, routed)           0.102     1.784    u_key3/station_index_reg[5][1]
    SLICE_X9Y69          LUT5 (Prop_lut5_I3_O)        0.045     1.829 r  u_key3/station_index[1]_i_1/O
                         net (fo=1, routed)           0.000     1.829    u_key3_n_9
    SLICE_X9Y69          FDRE                                         r  station_index_reg[1]/D
  -------------------------------------------------------------------    -------------------

                         (clock sys_clk rise edge)    0.000     0.000 r  
    Y18                                               0.000     0.000 r  clk (IN)
                         net (fo=0)                   0.000     0.000    clk
    Y18                  IBUF (Prop_ibuf_I_O)         0.501     0.501 r  clk_IBUF_inst/O
                         net (fo=1, routed)           0.695     1.195    clk_IBUF
    BUFGCTRL_X0Y0        BUFG (Prop_bufg_I_O)         0.029     1.224 r  clk_IBUF_BUFG_inst/O
                         net (fo=308, routed)         0.834     2.058    clk_IBUF_BUFG
    SLICE_X9Y69          FDRE                                         r  station_index_reg[1]/C
                         clock pessimism             -0.501     1.557    
    SLICE_X9Y69          FDRE (Hold_fdre_C_D)         0.092     1.649    station_index_reg[1]
  -------------------------------------------------------------------
                         required time                         -1.649    
                         arrival time                           1.829    
  -------------------------------------------------------------------
                         slack                                  0.181    

Slack (MET) :             0.189ns  (arrival time - required time)
  Source:                 paid_amount_reg[0]/C
                            (rising edge-triggered cell FDRE clocked by sys_clk  {rise@0.000ns fall@10.000ns period=20.000ns})
  Destination:            refund_amount_reg[0]/D
                            (rising edge-triggered cell FDRE clocked by sys_clk  {rise@0.000ns fall@10.000ns period=20.000ns})
  Path Group:             sys_clk
  Path Type:              Hold (Min at Fast Process Corner)
  Requirement:            0.000ns  (sys_clk rise@0.000ns - sys_clk rise@0.000ns)
  Data Path Delay:        0.293ns  (logic 0.186ns (63.499%)  route 0.107ns (36.501%))
  Logic Levels:           1  (LUT2=1)
  Clock Path Skew:        0.013ns (DCD - SCD - CPR)
    Destination Clock Delay (DCD):    2.080ns
    Source Clock Delay      (SCD):    1.566ns
    Clock Pessimism Removal (CPR):    0.501ns

    Location             Delay type                Incr(ns)  Path(ns)    Netlist Resource(s)
  -------------------------------------------------------------------    -------------------
                         (clock sys_clk rise edge)    0.000     0.000 r  
    Y18                                               0.000     0.000 r  clk (IN)
                         net (fo=0)                   0.000     0.000    clk
    Y18                  IBUF (Prop_ibuf_I_O)         0.312     0.312 r  clk_IBUF_inst/O
                         net (fo=1, routed)           0.640     0.952    clk_IBUF
    BUFGCTRL_X0Y0        BUFG (Prop_bufg_I_O)         0.026     0.978 r  clk_IBUF_BUFG_inst/O
                         net (fo=308, routed)         0.588     1.566    clk_IBUF_BUFG
    SLICE_X4Y75          FDRE                                         r  paid_amount_reg[0]/C
  -------------------------------------------------------------------    -------------------
    SLICE_X4Y75          FDRE (Prop_fdre_C_Q)         0.141     1.707 r  paid_amount_reg[0]/Q
                         net (fo=4, routed)           0.107     1.814    paid_amount_reg_n_0_[0]
    SLICE_X5Y75          LUT2 (Prop_lut2_I1_O)        0.045     1.859 r  refund_amount[0]_i_1/O
                         net (fo=1, routed)           0.000     1.859    refund_amount[0]_i_1_n_0
    SLICE_X5Y75          FDRE                                         r  refund_amount_reg[0]/D
  -------------------------------------------------------------------    -------------------

                         (clock sys_clk rise edge)    0.000     0.000 r  
    Y18                                               0.000     0.000 r  clk (IN)
                         net (fo=0)                   0.000     0.000    clk
    Y18                  IBUF (Prop_ibuf_I_O)         0.501     0.501 r  clk_IBUF_inst/O
                         net (fo=1, routed)           0.695     1.195    clk_IBUF
    BUFGCTRL_X0Y0        BUFG (Prop_bufg_I_O)         0.029     1.224 r  clk_IBUF_BUFG_inst/O
                         net (fo=308, routed)         0.856     2.080    clk_IBUF_BUFG
    SLICE_X5Y75          FDRE                                         r  refund_amount_reg[0]/C
                         clock pessimism             -0.501     1.579    
    SLICE_X5Y75          FDRE (Hold_fdre_C_D)         0.091     1.670    refund_amount_reg[0]
  -------------------------------------------------------------------
                         required time                         -1.670    
                         arrival time                           1.859    
  -------------------------------------------------------------------
                         slack                                  0.189    

Slack (MET) :             0.189ns  (arrival time - required time)
  Source:                 origin_station_saved_reg[4]/C
                            (rising edge-triggered cell FDRE clocked by sys_clk  {rise@0.000ns fall@10.000ns period=20.000ns})
  Destination:            station_index_reg[4]/D
                            (rising edge-triggered cell FDRE clocked by sys_clk  {rise@0.000ns fall@10.000ns period=20.000ns})
  Path Group:             sys_clk
  Path Type:              Hold (Min at Fast Process Corner)
  Requirement:            0.000ns  (sys_clk rise@0.000ns - sys_clk rise@0.000ns)
  Data Path Delay:        0.323ns  (logic 0.186ns (57.506%)  route 0.137ns (42.494%))
  Logic Levels:           1  (LUT5=1)
  Clock Path Skew:        0.013ns (DCD - SCD - CPR)
    Destination Clock Delay (DCD):    2.057ns
    Source Clock Delay      (SCD):    1.542ns
    Clock Pessimism Removal (CPR):    0.502ns

    Location             Delay type                Incr(ns)  Path(ns)    Netlist Resource(s)
  -------------------------------------------------------------------    -------------------
                         (clock sys_clk rise edge)    0.000     0.000 r  
    Y18                                               0.000     0.000 r  clk (IN)
                         net (fo=0)                   0.000     0.000    clk
    Y18                  IBUF (Prop_ibuf_I_O)         0.312     0.312 r  clk_IBUF_inst/O
                         net (fo=1, routed)           0.640     0.952    clk_IBUF
    BUFGCTRL_X0Y0        BUFG (Prop_bufg_I_O)         0.026     0.978 r  clk_IBUF_BUFG_inst/O
                         net (fo=308, routed)         0.564     1.542    clk_IBUF_BUFG
    SLICE_X11Y70         FDRE                                         r  origin_station_saved_reg[4]/C
  -------------------------------------------------------------------    -------------------
    SLICE_X11Y70         FDRE (Prop_fdre_C_Q)         0.141     1.683 r  origin_station_saved_reg[4]/Q
                         net (fo=1, routed)           0.137     1.820    u_key3/station_index_reg[5][4]
    SLICE_X10Y70         LUT5 (Prop_lut5_I3_O)        0.045     1.865 r  u_key3/station_index[4]_i_1/O
                         net (fo=1, routed)           0.000     1.865    u_key3_n_6
    SLICE_X10Y70         FDRE                                         r  station_index_reg[4]/D
  -------------------------------------------------------------------    -------------------

                         (clock sys_clk rise edge)    0.000     0.000 r  
    Y18                                               0.000     0.000 r  clk (IN)
                         net (fo=0)                   0.000     0.000    clk
    Y18                  IBUF (Prop_ibuf_I_O)         0.501     0.501 r  clk_IBUF_inst/O
                         net (fo=1, routed)           0.695     1.195    clk_IBUF
    BUFGCTRL_X0Y0        BUFG (Prop_bufg_I_O)         0.029     1.224 r  clk_IBUF_BUFG_inst/O
                         net (fo=308, routed)         0.833     2.057    clk_IBUF_BUFG
    SLICE_X10Y70         FDRE                                         r  station_index_reg[4]/C
                         clock pessimism             -0.502     1.555    
    SLICE_X10Y70         FDRE (Hold_fdre_C_D)         0.121     1.676    station_index_reg[4]
  -------------------------------------------------------------------
                         required time                         -1.676    
                         arrival time                           1.865    
  -------------------------------------------------------------------
                         slack                                  0.189    

Slack (MET) :             0.190ns  (arrival time - required time)
  Source:                 origin_station_saved_reg[2]/C
                            (rising edge-triggered cell FDRE clocked by sys_clk  {rise@0.000ns fall@10.000ns period=20.000ns})
  Destination:            station_index_reg[2]/D
                            (rising edge-triggered cell FDRE clocked by sys_clk  {rise@0.000ns fall@10.000ns period=20.000ns})
  Path Group:             sys_clk
  Path Type:              Hold (Min at Fast Process Corner)
  Requirement:            0.000ns  (sys_clk rise@0.000ns - sys_clk rise@0.000ns)
  Data Path Delay:        0.324ns  (logic 0.186ns (57.328%)  route 0.138ns (42.672%))
  Logic Levels:           1  (LUT5=1)
  Clock Path Skew:        0.013ns (DCD - SCD - CPR)
    Destination Clock Delay (DCD):    2.057ns
    Source Clock Delay      (SCD):    1.542ns
    Clock Pessimism Removal (CPR):    0.502ns

    Location             Delay type                Incr(ns)  Path(ns)    Netlist Resource(s)
  -------------------------------------------------------------------    -------------------
                         (clock sys_clk rise edge)    0.000     0.000 r  
    Y18                                               0.000     0.000 r  clk (IN)
                         net (fo=0)                   0.000     0.000    clk
    Y18                  IBUF (Prop_ibuf_I_O)         0.312     0.312 r  clk_IBUF_inst/O
                         net (fo=1, routed)           0.640     0.952    clk_IBUF
    BUFGCTRL_X0Y0        BUFG (Prop_bufg_I_O)         0.026     0.978 r  clk_IBUF_BUFG_inst/O
                         net (fo=308, routed)         0.564     1.542    clk_IBUF_BUFG
    SLICE_X11Y70         FDRE                                         r  origin_station_saved_reg[2]/C
  -------------------------------------------------------------------    -------------------
    SLICE_X11Y70         FDRE (Prop_fdre_C_Q)         0.141     1.683 r  origin_station_saved_reg[2]/Q
                         net (fo=1, routed)           0.138     1.821    u_key3/station_index_reg[5][2]
    SLICE_X10Y70         LUT5 (Prop_lut5_I3_O)        0.045     1.866 r  u_key3/station_index[2]_i_1/O
                         net (fo=1, routed)           0.000     1.866    u_key3_n_8
    SLICE_X10Y70         FDRE                                         r  station_index_reg[2]/D
  -------------------------------------------------------------------    -------------------

                         (clock sys_clk rise edge)    0.000     0.000 r  
    Y18                                               0.000     0.000 r  clk (IN)
                         net (fo=0)                   0.000     0.000    clk
    Y18                  IBUF (Prop_ibuf_I_O)         0.501     0.501 r  clk_IBUF_inst/O
                         net (fo=1, routed)           0.695     1.195    clk_IBUF
    BUFGCTRL_X0Y0        BUFG (Prop_bufg_I_O)         0.029     1.224 r  clk_IBUF_BUFG_inst/O
                         net (fo=308, routed)         0.833     2.057    clk_IBUF_BUFG
    SLICE_X10Y70         FDRE                                         r  station_index_reg[2]/C
                         clock pessimism             -0.502     1.555    
    SLICE_X10Y70         FDRE (Hold_fdre_C_D)         0.121     1.676    station_index_reg[2]
  -------------------------------------------------------------------
                         required time                         -1.676    
                         arrival time                           1.866    
  -------------------------------------------------------------------
                         slack                                  0.190    





Pulse Width Checks
--------------------------------------------------------------------------------------
Clock Name:         sys_clk
Waveform(ns):       { 0.000 10.000 }
Period(ns):         20.000
Sources:            { clk }

Check Type        Corner  Lib Pin             Reference Pin  Required(ns)  Actual(ns)  Slack(ns)  Location       Pin
Min Period        n/a     RAMB36E1/CLKARDCLK  n/a            2.170         20.000      17.830     RAMB36_X0Y11   u_distance_lookup/address_reg_reg_0/CLKARDCLK
Min Period        n/a     RAMB36E1/CLKARDCLK  n/a            2.170         20.000      17.830     RAMB36_X0Y12   u_distance_lookup/address_reg_reg_1/CLKARDCLK
Min Period        n/a     RAMB36E1/CLKARDCLK  n/a            2.170         20.000      17.830     RAMB36_X0Y13   u_distance_lookup/address_reg_reg_2/CLKARDCLK
Min Period        n/a     RAMB36E1/CLKARDCLK  n/a            2.170         20.000      17.830     RAMB36_X0Y14   u_distance_lookup/address_reg_reg_3/CLKARDCLK
Min Period        n/a     RAMB18E1/CLKARDCLK  n/a            2.170         20.000      17.830     RAMB18_X0Y20   u_distance_lookup/address_reg_reg_4/CLKARDCLK
Min Period        n/a     BUFG/I              n/a            1.592         20.000      18.408     BUFGCTRL_X0Y0  clk_IBUF_BUFG_inst/I
Min Period        n/a     FDRE/C              n/a            1.000         20.000      19.000     SLICE_X10Y74   blink_flash_count_reg[0]/C
Min Period        n/a     FDSE/C              n/a            1.000         20.000      19.000     SLICE_X8Y74    blink_flash_count_reg[1]/C
Min Period        n/a     FDRE/C              n/a            1.000         20.000      19.000     SLICE_X10Y74   blink_flash_count_reg[2]/C
Min Period        n/a     FDRE/C              n/a            1.000         20.000      19.000     SLICE_X10Y74   blink_flash_count_reg[3]/C
Low Pulse Width   Slow    FDRE/C              n/a            0.500         10.000      9.500      SLICE_X10Y74   blink_flash_count_reg[0]/C
Low Pulse Width   Fast    FDRE/C              n/a            0.500         10.000      9.500      SLICE_X10Y74   blink_flash_count_reg[0]/C
Low Pulse Width   Slow    FDSE/C              n/a            0.500         10.000      9.500      SLICE_X8Y74    blink_flash_count_reg[1]/C
Low Pulse Width   Fast    FDSE/C              n/a            0.500         10.000      9.500      SLICE_X8Y74    blink_flash_count_reg[1]/C
Low Pulse Width   Slow    FDRE/C              n/a            0.500         10.000      9.500      SLICE_X10Y74   blink_flash_count_reg[2]/C
Low Pulse Width   Fast    FDRE/C              n/a            0.500         10.000      9.500      SLICE_X10Y74   blink_flash_count_reg[2]/C
Low Pulse Width   Slow    FDRE/C              n/a            0.500         10.000      9.500      SLICE_X10Y74   blink_flash_count_reg[3]/C
Low Pulse Width   Fast    FDRE/C              n/a            0.500         10.000      9.500      SLICE_X10Y74   blink_flash_count_reg[3]/C
Low Pulse Width   Slow    FDRE/C              n/a            0.500         10.000      9.500      SLICE_X10Y74   blink_mask_reg[3]/C
Low Pulse Width   Fast    FDRE/C              n/a            0.500         10.000      9.500      SLICE_X10Y74   blink_mask_reg[3]/C
High Pulse Width  Slow    FDRE/C              n/a            0.500         10.000      9.500      SLICE_X10Y74   blink_flash_count_reg[0]/C
High Pulse Width  Fast    FDRE/C              n/a            0.500         10.000      9.500      SLICE_X10Y74   blink_flash_count_reg[0]/C
High Pulse Width  Slow    FDSE/C              n/a            0.500         10.000      9.500      SLICE_X8Y74    blink_flash_count_reg[1]/C
High Pulse Width  Fast    FDSE/C              n/a            0.500         10.000      9.500      SLICE_X8Y74    blink_flash_count_reg[1]/C
High Pulse Width  Slow    FDRE/C              n/a            0.500         10.000      9.500      SLICE_X10Y74   blink_flash_count_reg[2]/C
High Pulse Width  Fast    FDRE/C              n/a            0.500         10.000      9.500      SLICE_X10Y74   blink_flash_count_reg[2]/C
High Pulse Width  Slow    FDRE/C              n/a            0.500         10.000      9.500      SLICE_X10Y74   blink_flash_count_reg[3]/C
High Pulse Width  Fast    FDRE/C              n/a            0.500         10.000      9.500      SLICE_X10Y74   blink_flash_count_reg[3]/C
High Pulse Width  Slow    FDRE/C              n/a            0.500         10.000      9.500      SLICE_X10Y74   blink_mask_reg[3]/C
High Pulse Width  Fast    FDRE/C              n/a            0.500         10.000      9.500      SLICE_X10Y74   blink_mask_reg[3]/C



--------------------------------------------------------------------------------------
Path Group:  (none)
From Clock:  sys_clk
  To Clock:  

Max Delay            19 Endpoints
Min Delay            19 Endpoints
--------------------------------------------------------------------------------------


Max Delay Paths
--------------------------------------------------------------------------------------
Slack:                    inf
  Source:                 station_index_reg[2]/C
                            (rising edge-triggered cell FDRE clocked by sys_clk  {rise@0.000ns fall@10.000ns period=20.000ns})
  Destination:            seg[6]
                            (output port)
  Path Group:             (none)
  Path Type:              Max at Slow Process Corner
  Data Path Delay:        13.350ns  (logic 4.737ns (35.484%)  route 8.613ns (64.516%))
  Logic Levels:           9  (LUT4=2 LUT6=6 OBUF=1)
  Clock Uncertainty:      0.025ns  ((TSJ^2 + TIJ^2)^1/2 + DJ) / 2 + PE
    Total System Jitter     (TSJ):    0.050ns
    Total Input Jitter      (TIJ):    0.000ns
    Discrete Jitter          (DJ):    0.000ns
    Phase Error              (PE):    0.000ns
  Timing Exception:       False Path

    Location             Delay type                Incr(ns)  Path(ns)    Netlist Resource(s)
  -------------------------------------------------------------------    -------------------
                         (clock sys_clk rise edge)    0.000     0.000 r  
    Y18                                               0.000     0.000 r  clk (IN)
                         net (fo=0)                   0.000     0.000    clk
    Y18                  IBUF (Prop_ibuf_I_O)         1.476     1.476 r  clk_IBUF_inst/O
                         net (fo=1, routed)           1.709     3.185    clk_IBUF
    BUFGCTRL_X0Y0        BUFG (Prop_bufg_I_O)         0.081     3.266 r  clk_IBUF_BUFG_inst/O
                         net (fo=308, routed)         1.376     4.642    clk_IBUF_BUFG
    SLICE_X10Y70         FDRE                                         r  station_index_reg[2]/C
  -------------------------------------------------------------------    -------------------
    SLICE_X10Y70         FDRE (Prop_fdre_C_Q)         0.433     5.075 r  station_index_reg[2]/Q
                         net (fo=56, routed)          1.307     6.381    u_display/seg_OBUF[6]_inst_i_159_0[2]
    SLICE_X14Y70         LUT4 (Prop_lut4_I1_O)        0.105     6.486 r  u_display/seg_OBUF[6]_inst_i_157/O
                         net (fo=6, routed)           0.452     6.938    u_display/seg_OBUF[6]_inst_i_157_n_0
    SLICE_X15Y70         LUT6 (Prop_lut6_I5_O)        0.105     7.043 f  u_display/seg_OBUF[6]_inst_i_159/O
                         net (fo=7, routed)           0.872     7.915    u_display/seg_OBUF[6]_inst_i_159_n_0
    SLICE_X12Y70         LUT6 (Prop_lut6_I1_O)        0.105     8.020 r  u_display/seg_OBUF[6]_inst_i_163/O
                         net (fo=3, routed)           0.551     8.571    u_display/seg_OBUF[6]_inst_i_163_n_0
    SLICE_X13Y70         LUT6 (Prop_lut6_I4_O)        0.105     8.676 r  u_display/seg_OBUF[6]_inst_i_81/O
                         net (fo=6, routed)           1.117     9.793    u_display/seg_OBUF[6]_inst_i_81_n_0
    SLICE_X8Y71          LUT6 (Prop_lut6_I2_O)        0.105     9.898 f  u_display/seg_OBUF[6]_inst_i_33/O
                         net (fo=2, routed)           1.214    11.112    u_display/seg_OBUF[6]_inst_i_33_n_0
    SLICE_X3Y73          LUT6 (Prop_lut6_I0_O)        0.105    11.217 r  u_display/seg_OBUF[6]_inst_i_8/O
                         net (fo=1, routed)           0.580    11.797    u_display/seg_OBUF[6]_inst_i_8_n_0
    SLICE_X4Y72          LUT6 (Prop_lut6_I3_O)        0.105    11.902 f  u_display/seg_OBUF[6]_inst_i_2/O
                         net (fo=7, routed)           0.824    12.727    u_display/seg_OBUF[6]_inst_i_2_n_0
    SLICE_X0Y71          LUT4 (Prop_lut4_I0_O)        0.121    12.848 r  u_display/seg_OBUF[6]_inst_i_1/O
                         net (fo=1, routed)           1.696    14.544    seg_OBUF[6]
    T18                  OBUF (Prop_obuf_I_O)         3.448    17.992 r  seg_OBUF[6]_inst/O
                         net (fo=0)                   0.000    17.992    seg[6]
    T18                                                               r  seg[6] (OUT)
  -------------------------------------------------------------------    -------------------

Slack:                    inf
  Source:                 station_index_reg[2]/C
                            (rising edge-triggered cell FDRE clocked by sys_clk  {rise@0.000ns fall@10.000ns period=20.000ns})
  Destination:            seg[5]
                            (output port)
  Path Group:             (none)
  Path Type:              Max at Slow Process Corner
  Data Path Delay:        13.211ns  (logic 4.739ns (35.870%)  route 8.472ns (64.130%))
  Logic Levels:           9  (LUT4=2 LUT6=6 OBUF=1)
  Clock Uncertainty:      0.025ns  ((TSJ^2 + TIJ^2)^1/2 + DJ) / 2 + PE
    Total System Jitter     (TSJ):    0.050ns
    Total Input Jitter      (TIJ):    0.000ns
    Discrete Jitter          (DJ):    0.000ns
    Phase Error              (PE):    0.000ns
  Timing Exception:       False Path

    Location             Delay type                Incr(ns)  Path(ns)    Netlist Resource(s)
  -------------------------------------------------------------------    -------------------
                         (clock sys_clk rise edge)    0.000     0.000 r  
    Y18                                               0.000     0.000 r  clk (IN)
                         net (fo=0)                   0.000     0.000    clk
    Y18                  IBUF (Prop_ibuf_I_O)         1.476     1.476 r  clk_IBUF_inst/O
                         net (fo=1, routed)           1.709     3.185    clk_IBUF
    BUFGCTRL_X0Y0        BUFG (Prop_bufg_I_O)         0.081     3.266 r  clk_IBUF_BUFG_inst/O
                         net (fo=308, routed)         1.376     4.642    clk_IBUF_BUFG
    SLICE_X10Y70         FDRE                                         r  station_index_reg[2]/C
  -------------------------------------------------------------------    -------------------
    SLICE_X10Y70         FDRE (Prop_fdre_C_Q)         0.433     5.075 r  station_index_reg[2]/Q
                         net (fo=56, routed)          1.307     6.381    u_display/seg_OBUF[6]_inst_i_159_0[2]
    SLICE_X14Y70         LUT4 (Prop_lut4_I1_O)        0.105     6.486 r  u_display/seg_OBUF[6]_inst_i_157/O
                         net (fo=6, routed)           0.452     6.938    u_display/seg_OBUF[6]_inst_i_157_n_0
    SLICE_X15Y70         LUT6 (Prop_lut6_I5_O)        0.105     7.043 f  u_display/seg_OBUF[6]_inst_i_159/O
                         net (fo=7, routed)           0.872     7.915    u_display/seg_OBUF[6]_inst_i_159_n_0
    SLICE_X12Y70         LUT6 (Prop_lut6_I1_O)        0.105     8.020 r  u_display/seg_OBUF[6]_inst_i_163/O
                         net (fo=3, routed)           0.551     8.571    u_display/seg_OBUF[6]_inst_i_163_n_0
    SLICE_X13Y70         LUT6 (Prop_lut6_I4_O)        0.105     8.676 r  u_display/seg_OBUF[6]_inst_i_81/O
                         net (fo=6, routed)           1.117     9.793    u_display/seg_OBUF[6]_inst_i_81_n_0
    SLICE_X8Y71          LUT6 (Prop_lut6_I2_O)        0.105     9.898 f  u_display/seg_OBUF[6]_inst_i_33/O
                         net (fo=2, routed)           1.214    11.112    u_display/seg_OBUF[6]_inst_i_33_n_0
    SLICE_X3Y73          LUT6 (Prop_lut6_I0_O)        0.105    11.217 r  u_display/seg_OBUF[6]_inst_i_8/O
                         net (fo=1, routed)           0.580    11.797    u_display/seg_OBUF[6]_inst_i_8_n_0
    SLICE_X4Y72          LUT6 (Prop_lut6_I3_O)        0.105    11.902 f  u_display/seg_OBUF[6]_inst_i_2/O
                         net (fo=7, routed)           0.674    12.576    u_display/seg_OBUF[6]_inst_i_2_n_0
    SLICE_X0Y71          LUT4 (Prop_lut4_I2_O)        0.124    12.700 r  u_display/seg_OBUF[5]_inst_i_1/O
                         net (fo=1, routed)           1.706    14.406    seg_OBUF[5]
    R18                  OBUF (Prop_obuf_I_O)         3.447    17.852 r  seg_OBUF[5]_inst/O
                         net (fo=0)                   0.000    17.852    seg[5]
    R18                                                               r  seg[5] (OUT)
  -------------------------------------------------------------------    -------------------

Slack:                    inf
  Source:                 station_index_reg[2]/C
                            (rising edge-triggered cell FDRE clocked by sys_clk  {rise@0.000ns fall@10.000ns period=20.000ns})
  Destination:            seg[3]
                            (output port)
  Path Group:             (none)
  Path Type:              Max at Slow Process Corner
  Data Path Delay:        13.192ns  (logic 4.567ns (34.618%)  route 8.625ns (65.382%))
  Logic Levels:           9  (LUT4=2 LUT6=6 OBUF=1)
  Clock Uncertainty:      0.025ns  ((TSJ^2 + TIJ^2)^1/2 + DJ) / 2 + PE
    Total System Jitter     (TSJ):    0.050ns
    Total Input Jitter      (TIJ):    0.000ns
    Discrete Jitter          (DJ):    0.000ns
    Phase Error              (PE):    0.000ns
  Timing Exception:       False Path

    Location             Delay type                Incr(ns)  Path(ns)    Netlist Resource(s)
  -------------------------------------------------------------------    -------------------
                         (clock sys_clk rise edge)    0.000     0.000 r  
    Y18                                               0.000     0.000 r  clk (IN)
                         net (fo=0)                   0.000     0.000    clk
    Y18                  IBUF (Prop_ibuf_I_O)         1.476     1.476 r  clk_IBUF_inst/O
                         net (fo=1, routed)           1.709     3.185    clk_IBUF
    BUFGCTRL_X0Y0        BUFG (Prop_bufg_I_O)         0.081     3.266 r  clk_IBUF_BUFG_inst/O
                         net (fo=308, routed)         1.376     4.642    clk_IBUF_BUFG
    SLICE_X10Y70         FDRE                                         r  station_index_reg[2]/C
  -------------------------------------------------------------------    -------------------
    SLICE_X10Y70         FDRE (Prop_fdre_C_Q)         0.433     5.075 r  station_index_reg[2]/Q
                         net (fo=56, routed)          1.307     6.381    u_display/seg_OBUF[6]_inst_i_159_0[2]
    SLICE_X14Y70         LUT4 (Prop_lut4_I1_O)        0.105     6.486 r  u_display/seg_OBUF[6]_inst_i_157/O
                         net (fo=6, routed)           0.452     6.938    u_display/seg_OBUF[6]_inst_i_157_n_0
    SLICE_X15Y70         LUT6 (Prop_lut6_I5_O)        0.105     7.043 f  u_display/seg_OBUF[6]_inst_i_159/O
                         net (fo=7, routed)           0.872     7.915    u_display/seg_OBUF[6]_inst_i_159_n_0
    SLICE_X12Y70         LUT6 (Prop_lut6_I1_O)        0.105     8.020 r  u_display/seg_OBUF[6]_inst_i_163/O
                         net (fo=3, routed)           0.551     8.571    u_display/seg_OBUF[6]_inst_i_163_n_0
    SLICE_X13Y70         LUT6 (Prop_lut6_I4_O)        0.105     8.676 r  u_display/seg_OBUF[6]_inst_i_81/O
                         net (fo=6, routed)           1.117     9.793    u_display/seg_OBUF[6]_inst_i_81_n_0
    SLICE_X8Y71          LUT6 (Prop_lut6_I2_O)        0.105     9.898 r  u_display/seg_OBUF[6]_inst_i_33/O
                         net (fo=2, routed)           1.214    11.112    u_display/seg_OBUF[6]_inst_i_33_n_0
    SLICE_X3Y73          LUT6 (Prop_lut6_I0_O)        0.105    11.217 f  u_display/seg_OBUF[6]_inst_i_8/O
                         net (fo=1, routed)           0.580    11.797    u_display/seg_OBUF[6]_inst_i_8_n_0
    SLICE_X4Y72          LUT6 (Prop_lut6_I3_O)        0.105    11.902 r  u_display/seg_OBUF[6]_inst_i_2/O
                         net (fo=7, routed)           0.824    12.727    u_display/seg_OBUF[6]_inst_i_2_n_0
    SLICE_X0Y71          LUT4 (Prop_lut4_I0_O)        0.105    12.832 r  u_display/seg_OBUF[3]_inst_i_1/O
                         net (fo=1, routed)           1.708    14.540    seg_OBUF[3]
    P14                  OBUF (Prop_obuf_I_O)         3.294    17.834 r  seg_OBUF[3]_inst/O
                         net (fo=0)                   0.000    17.834    seg[3]
    P14                                                               r  seg[3] (OUT)
  -------------------------------------------------------------------    -------------------

Slack:                    inf
  Source:                 station_index_reg[2]/C
                            (rising edge-triggered cell FDRE clocked by sys_clk  {rise@0.000ns fall@10.000ns period=20.000ns})
  Destination:            seg[4]
                            (output port)
  Path Group:             (none)
  Path Type:              Max at Slow Process Corner
  Data Path Delay:        13.064ns  (logic 4.562ns (34.920%)  route 8.502ns (65.080%))
  Logic Levels:           9  (LUT3=1 LUT4=1 LUT6=6 OBUF=1)
  Clock Uncertainty:      0.025ns  ((TSJ^2 + TIJ^2)^1/2 + DJ) / 2 + PE
    Total System Jitter     (TSJ):    0.050ns
    Total Input Jitter      (TIJ):    0.000ns
    Discrete Jitter          (DJ):    0.000ns
    Phase Error              (PE):    0.000ns
  Timing Exception:       False Path

    Location             Delay type                Incr(ns)  Path(ns)    Netlist Resource(s)
  -------------------------------------------------------------------    -------------------
                         (clock sys_clk rise edge)    0.000     0.000 r  
    Y18                                               0.000     0.000 r  clk (IN)
                         net (fo=0)                   0.000     0.000    clk
    Y18                  IBUF (Prop_ibuf_I_O)         1.476     1.476 r  clk_IBUF_inst/O
                         net (fo=1, routed)           1.709     3.185    clk_IBUF
    BUFGCTRL_X0Y0        BUFG (Prop_bufg_I_O)         0.081     3.266 r  clk_IBUF_BUFG_inst/O
                         net (fo=308, routed)         1.376     4.642    clk_IBUF_BUFG
    SLICE_X10Y70         FDRE                                         r  station_index_reg[2]/C
  -------------------------------------------------------------------    -------------------
    SLICE_X10Y70         FDRE (Prop_fdre_C_Q)         0.433     5.075 r  station_index_reg[2]/Q
                         net (fo=56, routed)          1.307     6.381    u_display/seg_OBUF[6]_inst_i_159_0[2]
    SLICE_X14Y70         LUT4 (Prop_lut4_I1_O)        0.105     6.486 r  u_display/seg_OBUF[6]_inst_i_157/O
                         net (fo=6, routed)           0.452     6.938    u_display/seg_OBUF[6]_inst_i_157_n_0
    SLICE_X15Y70         LUT6 (Prop_lut6_I5_O)        0.105     7.043 f  u_display/seg_OBUF[6]_inst_i_159/O
                         net (fo=7, routed)           0.872     7.915    u_display/seg_OBUF[6]_inst_i_159_n_0
    SLICE_X12Y70         LUT6 (Prop_lut6_I1_O)        0.105     8.020 r  u_display/seg_OBUF[6]_inst_i_163/O
                         net (fo=3, routed)           0.551     8.571    u_display/seg_OBUF[6]_inst_i_163_n_0
    SLICE_X13Y70         LUT6 (Prop_lut6_I4_O)        0.105     8.676 r  u_display/seg_OBUF[6]_inst_i_81/O
                         net (fo=6, routed)           1.117     9.793    u_display/seg_OBUF[6]_inst_i_81_n_0
    SLICE_X8Y71          LUT6 (Prop_lut6_I2_O)        0.105     9.898 f  u_display/seg_OBUF[6]_inst_i_33/O
                         net (fo=2, routed)           1.214    11.112    u_display/seg_OBUF[6]_inst_i_33_n_0
    SLICE_X3Y73          LUT6 (Prop_lut6_I0_O)        0.105    11.217 r  u_display/seg_OBUF[6]_inst_i_8/O
                         net (fo=1, routed)           0.580    11.797    u_display/seg_OBUF[6]_inst_i_8_n_0
    SLICE_X4Y72          LUT6 (Prop_lut6_I3_O)        0.105    11.902 f  u_display/seg_OBUF[6]_inst_i_2/O
                         net (fo=7, routed)           0.823    12.726    u_display/seg_OBUF[6]_inst_i_2_n_0
    SLICE_X0Y71          LUT3 (Prop_lut3_I2_O)        0.105    12.831 r  u_display/seg_OBUF[4]_inst_i_1/O
                         net (fo=1, routed)           1.586    14.416    seg_OBUF[4]
    R14                  OBUF (Prop_obuf_I_O)         3.289    17.705 r  seg_OBUF[4]_inst/O
                         net (fo=0)                   0.000    17.705    seg[4]
    R14                                                               r  seg[4] (OUT)
  -------------------------------------------------------------------    -------------------

Slack:                    inf
  Source:                 station_index_reg[2]/C
                            (rising edge-triggered cell FDRE clocked by sys_clk  {rise@0.000ns fall@10.000ns period=20.000ns})
  Destination:            seg[2]
                            (output port)
  Path Group:             (none)
  Path Type:              Max at Slow Process Corner
  Data Path Delay:        13.021ns  (logic 4.770ns (36.630%)  route 8.251ns (63.370%))
  Logic Levels:           9  (LUT4=2 LUT6=6 OBUF=1)
  Clock Uncertainty:      0.025ns  ((TSJ^2 + TIJ^2)^1/2 + DJ) / 2 + PE
    Total System Jitter     (TSJ):    0.050ns
    Total Input Jitter      (TIJ):    0.000ns
    Discrete Jitter          (DJ):    0.000ns
    Phase Error              (PE):    0.000ns
  Timing Exception:       False Path

    Location             Delay type                Incr(ns)  Path(ns)    Netlist Resource(s)
  -------------------------------------------------------------------    -------------------
                         (clock sys_clk rise edge)    0.000     0.000 r  
    Y18                                               0.000     0.000 r  clk (IN)
                         net (fo=0)                   0.000     0.000    clk
    Y18                  IBUF (Prop_ibuf_I_O)         1.476     1.476 r  clk_IBUF_inst/O
                         net (fo=1, routed)           1.709     3.185    clk_IBUF
    BUFGCTRL_X0Y0        BUFG (Prop_bufg_I_O)         0.081     3.266 r  clk_IBUF_BUFG_inst/O
                         net (fo=308, routed)         1.376     4.642    clk_IBUF_BUFG
    SLICE_X10Y70         FDRE                                         r  station_index_reg[2]/C
  -------------------------------------------------------------------    -------------------
    SLICE_X10Y70         FDRE (Prop_fdre_C_Q)         0.433     5.075 r  station_index_reg[2]/Q
                         net (fo=56, routed)          1.307     6.381    u_display/seg_OBUF[6]_inst_i_159_0[2]
    SLICE_X14Y70         LUT4 (Prop_lut4_I1_O)        0.105     6.486 r  u_display/seg_OBUF[6]_inst_i_157/O
                         net (fo=6, routed)           0.452     6.938    u_display/seg_OBUF[6]_inst_i_157_n_0
    SLICE_X15Y70         LUT6 (Prop_lut6_I5_O)        0.105     7.043 f  u_display/seg_OBUF[6]_inst_i_159/O
                         net (fo=7, routed)           0.872     7.915    u_display/seg_OBUF[6]_inst_i_159_n_0
    SLICE_X12Y70         LUT6 (Prop_lut6_I1_O)        0.105     8.020 r  u_display/seg_OBUF[6]_inst_i_163/O
                         net (fo=3, routed)           0.551     8.571    u_display/seg_OBUF[6]_inst_i_163_n_0
    SLICE_X13Y70         LUT6 (Prop_lut6_I4_O)        0.105     8.676 r  u_display/seg_OBUF[6]_inst_i_81/O
                         net (fo=6, routed)           1.117     9.793    u_display/seg_OBUF[6]_inst_i_81_n_0
    SLICE_X8Y71          LUT6 (Prop_lut6_I2_O)        0.105     9.898 r  u_display/seg_OBUF[6]_inst_i_33/O
                         net (fo=2, routed)           1.214    11.112    u_display/seg_OBUF[6]_inst_i_33_n_0
    SLICE_X3Y73          LUT6 (Prop_lut6_I0_O)        0.105    11.217 f  u_display/seg_OBUF[6]_inst_i_8/O
                         net (fo=1, routed)           0.580    11.797    u_display/seg_OBUF[6]_inst_i_8_n_0
    SLICE_X4Y72          LUT6 (Prop_lut6_I3_O)        0.105    11.902 r  u_display/seg_OBUF[6]_inst_i_2/O
                         net (fo=7, routed)           0.492    12.394    u_display/seg_OBUF[6]_inst_i_2_n_0
    SLICE_X0Y71          LUT4 (Prop_lut4_I2_O)        0.108    12.502 r  u_display/seg_OBUF[2]_inst_i_1/O
                         net (fo=1, routed)           1.667    14.169    seg_OBUF[2]
    U18                  OBUF (Prop_obuf_I_O)         3.494    17.663 r  seg_OBUF[2]_inst/O
                         net (fo=0)                   0.000    17.663    seg[2]
    U18                                                               r  seg[2] (OUT)
  -------------------------------------------------------------------    -------------------

Slack:                    inf
  Source:                 station_index_reg[2]/C
                            (rising edge-triggered cell FDRE clocked by sys_clk  {rise@0.000ns fall@10.000ns period=20.000ns})
  Destination:            seg[0]
                            (output port)
  Path Group:             (none)
  Path Type:              Max at Slow Process Corner
  Data Path Delay:        12.812ns  (logic 4.618ns (36.048%)  route 8.193ns (63.952%))
  Logic Levels:           9  (LUT4=2 LUT6=6 OBUF=1)
  Clock Uncertainty:      0.025ns  ((TSJ^2 + TIJ^2)^1/2 + DJ) / 2 + PE
    Total System Jitter     (TSJ):    0.050ns
    Total Input Jitter      (TIJ):    0.000ns
    Discrete Jitter          (DJ):    0.000ns
    Phase Error              (PE):    0.000ns
  Timing Exception:       False Path

    Location             Delay type                Incr(ns)  Path(ns)    Netlist Resource(s)
  -------------------------------------------------------------------    -------------------
                         (clock sys_clk rise edge)    0.000     0.000 r  
    Y18                                               0.000     0.000 r  clk (IN)
                         net (fo=0)                   0.000     0.000    clk
    Y18                  IBUF (Prop_ibuf_I_O)         1.476     1.476 r  clk_IBUF_inst/O
                         net (fo=1, routed)           1.709     3.185    clk_IBUF
    BUFGCTRL_X0Y0        BUFG (Prop_bufg_I_O)         0.081     3.266 r  clk_IBUF_BUFG_inst/O
                         net (fo=308, routed)         1.376     4.642    clk_IBUF_BUFG
    SLICE_X10Y70         FDRE                                         r  station_index_reg[2]/C
  -------------------------------------------------------------------    -------------------
    SLICE_X10Y70         FDRE (Prop_fdre_C_Q)         0.433     5.075 r  station_index_reg[2]/Q
                         net (fo=56, routed)          1.307     6.381    u_display/seg_OBUF[6]_inst_i_159_0[2]
    SLICE_X14Y70         LUT4 (Prop_lut4_I1_O)        0.105     6.486 r  u_display/seg_OBUF[6]_inst_i_157/O
                         net (fo=6, routed)           0.452     6.938    u_display/seg_OBUF[6]_inst_i_157_n_0
    SLICE_X15Y70         LUT6 (Prop_lut6_I5_O)        0.105     7.043 f  u_display/seg_OBUF[6]_inst_i_159/O
                         net (fo=7, routed)           0.872     7.915    u_display/seg_OBUF[6]_inst_i_159_n_0
    SLICE_X12Y70         LUT6 (Prop_lut6_I1_O)        0.105     8.020 r  u_display/seg_OBUF[6]_inst_i_163/O
                         net (fo=3, routed)           0.551     8.571    u_display/seg_OBUF[6]_inst_i_163_n_0
    SLICE_X13Y70         LUT6 (Prop_lut6_I4_O)        0.105     8.676 r  u_display/seg_OBUF[6]_inst_i_81/O
                         net (fo=6, routed)           1.117     9.793    u_display/seg_OBUF[6]_inst_i_81_n_0
    SLICE_X8Y71          LUT6 (Prop_lut6_I2_O)        0.105     9.898 r  u_display/seg_OBUF[6]_inst_i_33/O
                         net (fo=2, routed)           1.214    11.112    u_display/seg_OBUF[6]_inst_i_33_n_0
    SLICE_X3Y73          LUT6 (Prop_lut6_I0_O)        0.105    11.217 f  u_display/seg_OBUF[6]_inst_i_8/O
                         net (fo=1, routed)           0.580    11.797    u_display/seg_OBUF[6]_inst_i_8_n_0
    SLICE_X4Y72          LUT6 (Prop_lut6_I3_O)        0.105    11.902 r  u_display/seg_OBUF[6]_inst_i_2/O
                         net (fo=7, routed)           0.674    12.576    u_display/seg_OBUF[6]_inst_i_2_n_0
    SLICE_X0Y71          LUT4 (Prop_lut4_I1_O)        0.105    12.681 r  u_display/seg_OBUF[0]_inst_i_1/O
                         net (fo=1, routed)           1.427    14.108    seg_OBUF[0]
    AB18                 OBUF (Prop_obuf_I_O)         3.345    17.453 r  seg_OBUF[0]_inst/O
                         net (fo=0)                   0.000    17.453    seg[0]
    AB18                                                              r  seg[0] (OUT)
  -------------------------------------------------------------------    -------------------

Slack:                    inf
  Source:                 station_index_reg[2]/C
                            (rising edge-triggered cell FDRE clocked by sys_clk  {rise@0.000ns fall@10.000ns period=20.000ns})
  Destination:            seg[1]
                            (output port)
  Path Group:             (none)
  Path Type:              Max at Slow Process Corner
  Data Path Delay:        12.752ns  (logic 4.603ns (36.093%)  route 8.150ns (63.907%))
  Logic Levels:           9  (LUT4=2 LUT6=6 OBUF=1)
  Clock Uncertainty:      0.025ns  ((TSJ^2 + TIJ^2)^1/2 + DJ) / 2 + PE
    Total System Jitter     (TSJ):    0.050ns
    Total Input Jitter      (TIJ):    0.000ns
    Discrete Jitter          (DJ):    0.000ns
    Phase Error              (PE):    0.000ns
  Timing Exception:       False Path

    Location             Delay type                Incr(ns)  Path(ns)    Netlist Resource(s)
  -------------------------------------------------------------------    -------------------
                         (clock sys_clk rise edge)    0.000     0.000 r  
    Y18                                               0.000     0.000 r  clk (IN)
                         net (fo=0)                   0.000     0.000    clk
    Y18                  IBUF (Prop_ibuf_I_O)         1.476     1.476 r  clk_IBUF_inst/O
                         net (fo=1, routed)           1.709     3.185    clk_IBUF
    BUFGCTRL_X0Y0        BUFG (Prop_bufg_I_O)         0.081     3.266 r  clk_IBUF_BUFG_inst/O
                         net (fo=308, routed)         1.376     4.642    clk_IBUF_BUFG
    SLICE_X10Y70         FDRE                                         r  station_index_reg[2]/C
  -------------------------------------------------------------------    -------------------
    SLICE_X10Y70         FDRE (Prop_fdre_C_Q)         0.433     5.075 r  station_index_reg[2]/Q
                         net (fo=56, routed)          1.307     6.381    u_display/seg_OBUF[6]_inst_i_159_0[2]
    SLICE_X14Y70         LUT4 (Prop_lut4_I1_O)        0.105     6.486 r  u_display/seg_OBUF[6]_inst_i_157/O
                         net (fo=6, routed)           0.452     6.938    u_display/seg_OBUF[6]_inst_i_157_n_0
    SLICE_X15Y70         LUT6 (Prop_lut6_I5_O)        0.105     7.043 f  u_display/seg_OBUF[6]_inst_i_159/O
                         net (fo=7, routed)           0.872     7.915    u_display/seg_OBUF[6]_inst_i_159_n_0
    SLICE_X12Y70         LUT6 (Prop_lut6_I1_O)        0.105     8.020 r  u_display/seg_OBUF[6]_inst_i_163/O
                         net (fo=3, routed)           0.551     8.571    u_display/seg_OBUF[6]_inst_i_163_n_0
    SLICE_X13Y70         LUT6 (Prop_lut6_I4_O)        0.105     8.676 r  u_display/seg_OBUF[6]_inst_i_81/O
                         net (fo=6, routed)           1.117     9.793    u_display/seg_OBUF[6]_inst_i_81_n_0
    SLICE_X8Y71          LUT6 (Prop_lut6_I2_O)        0.105     9.898 r  u_display/seg_OBUF[6]_inst_i_33/O
                         net (fo=2, routed)           1.214    11.112    u_display/seg_OBUF[6]_inst_i_33_n_0
    SLICE_X3Y73          LUT6 (Prop_lut6_I0_O)        0.105    11.217 f  u_display/seg_OBUF[6]_inst_i_8/O
                         net (fo=1, routed)           0.580    11.797    u_display/seg_OBUF[6]_inst_i_8_n_0
    SLICE_X4Y72          LUT6 (Prop_lut6_I3_O)        0.105    11.902 r  u_display/seg_OBUF[6]_inst_i_2/O
                         net (fo=7, routed)           0.492    12.394    u_display/seg_OBUF[6]_inst_i_2_n_0
    SLICE_X0Y71          LUT4 (Prop_lut4_I2_O)        0.105    12.499 r  u_display/seg_OBUF[1]_inst_i_1/O
                         net (fo=1, routed)           1.565    14.064    seg_OBUF[1]
    U17                  OBUF (Prop_obuf_I_O)         3.330    17.394 r  seg_OBUF[1]_inst/O
                         net (fo=0)                   0.000    17.394    seg[1]
    U17                                                               r  seg[1] (OUT)
  -------------------------------------------------------------------    -------------------

Slack:                    inf
  Source:                 state_reg[0]/C
                            (rising edge-triggered cell FDRE clocked by sys_clk  {rise@0.000ns fall@10.000ns period=20.000ns})
  Destination:            led[3]
                            (output port)
  Path Group:             (none)
  Path Type:              Max at Slow Process Corner
  Data Path Delay:        9.484ns  (logic 3.920ns (41.329%)  route 5.564ns (58.671%))
  Logic Levels:           2  (LUT6=1 OBUF=1)
  Clock Uncertainty:      0.025ns  ((TSJ^2 + TIJ^2)^1/2 + DJ) / 2 + PE
    Total System Jitter     (TSJ):    0.050ns
    Total Input Jitter      (TIJ):    0.000ns
    Discrete Jitter          (DJ):    0.000ns
    Phase Error              (PE):    0.000ns
  Timing Exception:       False Path

    Location             Delay type                Incr(ns)  Path(ns)    Netlist Resource(s)
  -------------------------------------------------------------------    -------------------
                         (clock sys_clk rise edge)    0.000     0.000 r  
    Y18                                               0.000     0.000 r  clk (IN)
                         net (fo=0)                   0.000     0.000    clk
    Y18                  IBUF (Prop_ibuf_I_O)         1.476     1.476 r  clk_IBUF_inst/O
                         net (fo=1, routed)           1.709     3.185    clk_IBUF
    BUFGCTRL_X0Y0        BUFG (Prop_bufg_I_O)         0.081     3.266 r  clk_IBUF_BUFG_inst/O
                         net (fo=308, routed)         1.369     4.635    clk_IBUF_BUFG
    SLICE_X9Y75          FDRE                                         r  state_reg[0]/C
  -------------------------------------------------------------------    -------------------
    SLICE_X9Y75          FDRE (Prop_fdre_C_Q)         0.348     4.983 r  state_reg[0]/Q
                         net (fo=112, routed)         2.035     7.017    u_blink/state_reg[0]_0[0]
    SLICE_X11Y69         LUT6 (Prop_lut6_I3_O)        0.242     7.259 r  u_blink/led_OBUF[3]_inst_i_1/O
                         net (fo=2, routed)           3.530    10.789    led_OBUF[0]
    AB7                  OBUF (Prop_obuf_I_O)         3.330    14.118 r  led_OBUF[3]_inst/O
                         net (fo=0)                   0.000    14.118    led[3]
    AB7                                                               r  led[3] (OUT)
  -------------------------------------------------------------------    -------------------

Slack:                    inf
  Source:                 state_reg[0]/C
                            (rising edge-triggered cell FDRE clocked by sys_clk  {rise@0.000ns fall@10.000ns period=20.000ns})
  Destination:            led[2]
                            (output port)
  Path Group:             (none)
  Path Type:              Max at Slow Process Corner
  Data Path Delay:        9.342ns  (logic 3.892ns (41.664%)  route 5.450ns (58.336%))
  Logic Levels:           2  (LUT6=1 OBUF=1)
  Clock Uncertainty:      0.025ns  ((TSJ^2 + TIJ^2)^1/2 + DJ) / 2 + PE
    Total System Jitter     (TSJ):    0.050ns
    Total Input Jitter      (TIJ):    0.000ns
    Discrete Jitter          (DJ):    0.000ns
    Phase Error              (PE):    0.000ns
  Timing Exception:       False Path

    Location             Delay type                Incr(ns)  Path(ns)    Netlist Resource(s)
  -------------------------------------------------------------------    -------------------
                         (clock sys_clk rise edge)    0.000     0.000 r  
    Y18                                               0.000     0.000 r  clk (IN)
                         net (fo=0)                   0.000     0.000    clk
    Y18                  IBUF (Prop_ibuf_I_O)         1.476     1.476 r  clk_IBUF_inst/O
                         net (fo=1, routed)           1.709     3.185    clk_IBUF
    BUFGCTRL_X0Y0        BUFG (Prop_bufg_I_O)         0.081     3.266 r  clk_IBUF_BUFG_inst/O
                         net (fo=308, routed)         1.369     4.635    clk_IBUF_BUFG
    SLICE_X9Y75          FDRE                                         r  state_reg[0]/C
  -------------------------------------------------------------------    -------------------
    SLICE_X9Y75          FDRE (Prop_fdre_C_Q)         0.348     4.983 r  state_reg[0]/Q
                         net (fo=112, routed)         1.997     6.979    u_blink/state_reg[0]_0[0]
    SLICE_X11Y70         LUT6 (Prop_lut6_I4_O)        0.242     7.221 r  u_blink/led_OBUF[2]_inst_i_1/O
                         net (fo=2, routed)           3.453    10.674    led_OBUF[1]
    W7                   OBUF (Prop_obuf_I_O)         3.302    13.976 r  led_OBUF[2]_inst/O
                         net (fo=0)                   0.000    13.976    led[2]
    W7                                                                r  led[2] (OUT)
  -------------------------------------------------------------------    -------------------

Slack:                    inf
  Source:                 state_reg[0]/C
                            (rising edge-triggered cell FDRE clocked by sys_clk  {rise@0.000ns fall@10.000ns period=20.000ns})
  Destination:            led[0]
                            (output port)
  Path Group:             (none)
  Path Type:              Max at Slow Process Corner
  Data Path Delay:        9.240ns  (logic 3.905ns (42.259%)  route 5.335ns (57.741%))
  Logic Levels:           2  (LUT6=1 OBUF=1)
  Clock Uncertainty:      0.025ns  ((TSJ^2 + TIJ^2)^1/2 + DJ) / 2 + PE
    Total System Jitter     (TSJ):    0.050ns
    Total Input Jitter      (TIJ):    0.000ns
    Discrete Jitter          (DJ):    0.000ns
    Phase Error              (PE):    0.000ns
  Timing Exception:       False Path

    Location             Delay type                Incr(ns)  Path(ns)    Netlist Resource(s)
  -------------------------------------------------------------------    -------------------
                         (clock sys_clk rise edge)    0.000     0.000 r  
    Y18                                               0.000     0.000 r  clk (IN)
                         net (fo=0)                   0.000     0.000    clk
    Y18                  IBUF (Prop_ibuf_I_O)         1.476     1.476 r  clk_IBUF_inst/O
                         net (fo=1, routed)           1.709     3.185    clk_IBUF
    BUFGCTRL_X0Y0        BUFG (Prop_bufg_I_O)         0.081     3.266 r  clk_IBUF_BUFG_inst/O
                         net (fo=308, routed)         1.369     4.635    clk_IBUF_BUFG
    SLICE_X9Y75          FDRE                                         r  state_reg[0]/C
  -------------------------------------------------------------------    -------------------
    SLICE_X9Y75          FDRE (Prop_fdre_C_Q)         0.348     4.983 r  state_reg[0]/Q
                         net (fo=112, routed)         2.035     7.017    u_blink/state_reg[0]_0[0]
    SLICE_X11Y69         LUT6 (Prop_lut6_I3_O)        0.242     7.259 r  u_blink/led_OBUF[3]_inst_i_1/O
                         net (fo=2, routed)           3.301    10.560    led_OBUF[0]
    AA6                  OBUF (Prop_obuf_I_O)         3.315    13.874 r  led_OBUF[0]_inst/O
                         net (fo=0)                   0.000    13.874    led[0]
    AA6                                                               r  led[0] (OUT)
  -------------------------------------------------------------------    -------------------





Min Delay Paths
--------------------------------------------------------------------------------------
Slack:                    inf
  Source:                 u_display/scan_index_reg[1]/C
                            (rising edge-triggered cell FDCE clocked by sys_clk  {rise@0.000ns fall@10.000ns period=20.000ns})
  Destination:            sel[4]
                            (output port)
  Path Group:             (none)
  Path Type:              Min at Fast Process Corner
  Data Path Delay:        2.085ns  (logic 1.557ns (74.676%)  route 0.528ns (25.324%))
  Logic Levels:           2  (LUT3=1 OBUF=1)
  Clock Uncertainty:      0.025ns  ((TSJ^2 + TIJ^2)^1/2 + DJ) / 2 + PE
    Total System Jitter     (TSJ):    0.050ns
    Total Input Jitter      (TIJ):    0.000ns
    Discrete Jitter          (DJ):    0.000ns
    Phase Error              (PE):    0.000ns
  Timing Exception:       False Path

    Location             Delay type                Incr(ns)  Path(ns)    Netlist Resource(s)
  -------------------------------------------------------------------    -------------------
                         (clock sys_clk rise edge)    0.000     0.000 r  
    Y18                                               0.000     0.000 r  clk (IN)
                         net (fo=0)                   0.000     0.000    clk
    Y18                  IBUF (Prop_ibuf_I_O)         0.312     0.312 r  clk_IBUF_inst/O
                         net (fo=1, routed)           0.640     0.952    clk_IBUF
    BUFGCTRL_X0Y0        BUFG (Prop_bufg_I_O)         0.026     0.978 r  clk_IBUF_BUFG_inst/O
                         net (fo=308, routed)         0.592     1.570    u_display/clk_IBUF_BUFG
    SLICE_X1Y71          FDCE                                         r  u_display/scan_index_reg[1]/C
  -------------------------------------------------------------------    -------------------
    SLICE_X1Y71          FDCE (Prop_fdce_C_Q)         0.141     1.711 r  u_display/scan_index_reg[1]/Q
                         net (fo=23, routed)          0.202     1.912    u_display/scan_index[1]
    SLICE_X0Y70          LUT3 (Prop_lut3_I0_O)        0.048     1.960 r  u_display/sel_OBUF[4]_inst_i_1/O
                         net (fo=1, routed)           0.326     2.287    sel_OBUF[4]
    AA19                 OBUF (Prop_obuf_I_O)         1.368     3.655 r  sel_OBUF[4]_inst/O
                         net (fo=0)                   0.000     3.655    sel[4]
    AA19                                                              r  sel[4] (OUT)
  -------------------------------------------------------------------    -------------------

Slack:                    inf
  Source:                 u_display/scan_index_reg[0]/C
                            (rising edge-triggered cell FDCE clocked by sys_clk  {rise@0.000ns fall@10.000ns period=20.000ns})
  Destination:            sel[5]
                            (output port)
  Path Group:             (none)
  Path Type:              Min at Fast Process Corner
  Data Path Delay:        2.136ns  (logic 1.538ns (71.972%)  route 0.599ns (28.028%))
  Logic Levels:           2  (LUT3=1 OBUF=1)
  Clock Uncertainty:      0.025ns  ((TSJ^2 + TIJ^2)^1/2 + DJ) / 2 + PE
    Total System Jitter     (TSJ):    0.050ns
    Total Input Jitter      (TIJ):    0.000ns
    Discrete Jitter          (DJ):    0.000ns
    Phase Error              (PE):    0.000ns
  Timing Exception:       False Path

    Location             Delay type                Incr(ns)  Path(ns)    Netlist Resource(s)
  -------------------------------------------------------------------    -------------------
                         (clock sys_clk rise edge)    0.000     0.000 r  
    Y18                                               0.000     0.000 r  clk (IN)
                         net (fo=0)                   0.000     0.000    clk
    Y18                  IBUF (Prop_ibuf_I_O)         0.312     0.312 r  clk_IBUF_inst/O
                         net (fo=1, routed)           0.640     0.952    clk_IBUF
    BUFGCTRL_X0Y0        BUFG (Prop_bufg_I_O)         0.026     0.978 r  clk_IBUF_BUFG_inst/O
                         net (fo=308, routed)         0.592     1.570    u_display/clk_IBUF_BUFG
    SLICE_X1Y71          FDCE                                         r  u_display/scan_index_reg[0]/C
  -------------------------------------------------------------------    -------------------
    SLICE_X1Y71          FDCE (Prop_fdce_C_Q)         0.141     1.711 f  u_display/scan_index_reg[0]/Q
                         net (fo=33, routed)          0.277     1.988    u_display/scan_index_reg[0]_0[0]
    SLICE_X0Y70          LUT3 (Prop_lut3_I0_O)        0.042     2.030 r  u_display/sel_OBUF[5]_inst_i_1/O
                         net (fo=1, routed)           0.321     2.352    sel_OBUF[5]
    V19                  OBUF (Prop_obuf_I_O)         1.355     3.706 r  sel_OBUF[5]_inst/O
                         net (fo=0)                   0.000     3.706    sel[5]
    V19                                                               r  sel[5] (OUT)
  -------------------------------------------------------------------    -------------------

Slack:                    inf
  Source:                 u_display/scan_index_reg[0]/C
                            (rising edge-triggered cell FDCE clocked by sys_clk  {rise@0.000ns fall@10.000ns period=20.000ns})
  Destination:            sel[2]
                            (output port)
  Path Group:             (none)
  Path Type:              Min at Fast Process Corner
  Data Path Delay:        2.141ns  (logic 1.475ns (68.921%)  route 0.665ns (31.079%))
  Logic Levels:           2  (LUT3=1 OBUF=1)
  Clock Uncertainty:      0.025ns  ((TSJ^2 + TIJ^2)^1/2 + DJ) / 2 + PE
    Total System Jitter     (TSJ):    0.050ns
    Total Input Jitter      (TIJ):    0.000ns
    Discrete Jitter          (DJ):    0.000ns
    Phase Error              (PE):    0.000ns
  Timing Exception:       False Path

    Location             Delay type                Incr(ns)  Path(ns)    Netlist Resource(s)
  -------------------------------------------------------------------    -------------------
                         (clock sys_clk rise edge)    0.000     0.000 r  
    Y18                                               0.000     0.000 r  clk (IN)
                         net (fo=0)                   0.000     0.000    clk
    Y18                  IBUF (Prop_ibuf_I_O)         0.312     0.312 r  clk_IBUF_inst/O
                         net (fo=1, routed)           0.640     0.952    clk_IBUF
    BUFGCTRL_X0Y0        BUFG (Prop_bufg_I_O)         0.026     0.978 r  clk_IBUF_BUFG_inst/O
                         net (fo=308, routed)         0.592     1.570    u_display/clk_IBUF_BUFG
    SLICE_X1Y71          FDCE                                         r  u_display/scan_index_reg[0]/C
  -------------------------------------------------------------------    -------------------
    SLICE_X1Y71          FDCE (Prop_fdce_C_Q)         0.141     1.711 r  u_display/scan_index_reg[0]/Q
                         net (fo=33, routed)          0.277     1.988    u_display/scan_index_reg[0]_0[0]
    SLICE_X0Y70          LUT3 (Prop_lut3_I1_O)        0.045     2.033 r  u_display/sel_OBUF[2]_inst_i_1/O
                         net (fo=1, routed)           0.388     2.421    sel_OBUF[2]
    V17                  OBUF (Prop_obuf_I_O)         1.289     3.711 r  sel_OBUF[2]_inst/O
                         net (fo=0)                   0.000     3.711    sel[2]
    V17                                                               r  sel[2] (OUT)
  -------------------------------------------------------------------    -------------------

Slack:                    inf
  Source:                 u_display/scan_index_reg[1]/C
                            (rising edge-triggered cell FDCE clocked by sys_clk  {rise@0.000ns fall@10.000ns period=20.000ns})
  Destination:            sel[0]
                            (output port)
  Path Group:             (none)
  Path Type:              Min at Fast Process Corner
  Data Path Delay:        2.153ns  (logic 1.487ns (69.054%)  route 0.666ns (30.946%))
  Logic Levels:           2  (LUT3=1 OBUF=1)
  Clock Uncertainty:      0.025ns  ((TSJ^2 + TIJ^2)^1/2 + DJ) / 2 + PE
    Total System Jitter     (TSJ):    0.050ns
    Total Input Jitter      (TIJ):    0.000ns
    Discrete Jitter          (DJ):    0.000ns
    Phase Error              (PE):    0.000ns
  Timing Exception:       False Path

    Location             Delay type                Incr(ns)  Path(ns)    Netlist Resource(s)
  -------------------------------------------------------------------    -------------------
                         (clock sys_clk rise edge)    0.000     0.000 r  
    Y18                                               0.000     0.000 r  clk (IN)
                         net (fo=0)                   0.000     0.000    clk
    Y18                  IBUF (Prop_ibuf_I_O)         0.312     0.312 r  clk_IBUF_inst/O
                         net (fo=1, routed)           0.640     0.952    clk_IBUF
    BUFGCTRL_X0Y0        BUFG (Prop_bufg_I_O)         0.026     0.978 r  clk_IBUF_BUFG_inst/O
                         net (fo=308, routed)         0.592     1.570    u_display/clk_IBUF_BUFG
    SLICE_X1Y71          FDCE                                         r  u_display/scan_index_reg[1]/C
  -------------------------------------------------------------------    -------------------
    SLICE_X1Y71          FDCE (Prop_fdce_C_Q)         0.141     1.711 r  u_display/scan_index_reg[1]/Q
                         net (fo=23, routed)          0.267     1.977    u_display/scan_index[1]
    SLICE_X0Y70          LUT3 (Prop_lut3_I1_O)        0.045     2.022 r  u_display/sel_OBUF[0]_inst_i_1/O
                         net (fo=1, routed)           0.400     2.422    sel_OBUF[0]
    AA18                 OBUF (Prop_obuf_I_O)         1.301     3.723 r  sel_OBUF[0]_inst/O
                         net (fo=0)                   0.000     3.723    sel[0]
    AA18                                                              r  sel[0] (OUT)
  -------------------------------------------------------------------    -------------------

Slack:                    inf
  Source:                 u_display/scan_index_reg[0]/C
                            (rising edge-triggered cell FDCE clocked by sys_clk  {rise@0.000ns fall@10.000ns period=20.000ns})
  Destination:            sel[1]
                            (output port)
  Path Group:             (none)
  Path Type:              Min at Fast Process Corner
  Data Path Delay:        2.158ns  (logic 1.477ns (68.424%)  route 0.681ns (31.576%))
  Logic Levels:           2  (LUT3=1 OBUF=1)
  Clock Uncertainty:      0.025ns  ((TSJ^2 + TIJ^2)^1/2 + DJ) / 2 + PE
    Total System Jitter     (TSJ):    0.050ns
    Total Input Jitter      (TIJ):    0.000ns
    Discrete Jitter          (DJ):    0.000ns
    Phase Error              (PE):    0.000ns
  Timing Exception:       False Path

    Location             Delay type                Incr(ns)  Path(ns)    Netlist Resource(s)
  -------------------------------------------------------------------    -------------------
                         (clock sys_clk rise edge)    0.000     0.000 r  
    Y18                                               0.000     0.000 r  clk (IN)
                         net (fo=0)                   0.000     0.000    clk
    Y18                  IBUF (Prop_ibuf_I_O)         0.312     0.312 r  clk_IBUF_inst/O
                         net (fo=1, routed)           0.640     0.952    clk_IBUF
    BUFGCTRL_X0Y0        BUFG (Prop_bufg_I_O)         0.026     0.978 r  clk_IBUF_BUFG_inst/O
                         net (fo=308, routed)         0.592     1.570    u_display/clk_IBUF_BUFG
    SLICE_X1Y71          FDCE                                         r  u_display/scan_index_reg[0]/C
  -------------------------------------------------------------------    -------------------
    SLICE_X1Y71          FDCE (Prop_fdce_C_Q)         0.141     1.711 f  u_display/scan_index_reg[0]/Q
                         net (fo=33, routed)          0.280     1.991    u_display/scan_index_reg[0]_0[0]
    SLICE_X0Y70          LUT3 (Prop_lut3_I1_O)        0.045     2.036 r  u_display/sel_OBUF[1]_inst_i_1/O
                         net (fo=1, routed)           0.401     2.437    sel_OBUF[1]
    W17                  OBUF (Prop_obuf_I_O)         1.291     3.728 r  sel_OBUF[1]_inst/O
                         net (fo=0)                   0.000     3.728    sel[1]
    W17                                                               r  sel[1] (OUT)
  -------------------------------------------------------------------    -------------------

Slack:                    inf
  Source:                 u_display/scan_index_reg[0]/C
                            (rising edge-triggered cell FDCE clocked by sys_clk  {rise@0.000ns fall@10.000ns period=20.000ns})
  Destination:            sel[6]
                            (output port)
  Path Group:             (none)
  Path Type:              Min at Fast Process Corner
  Data Path Delay:        2.161ns  (logic 1.543ns (71.422%)  route 0.618ns (28.578%))
  Logic Levels:           2  (LUT3=1 OBUF=1)
  Clock Uncertainty:      0.025ns  ((TSJ^2 + TIJ^2)^1/2 + DJ) / 2 + PE
    Total System Jitter     (TSJ):    0.050ns
    Total Input Jitter      (TIJ):    0.000ns
    Discrete Jitter          (DJ):    0.000ns
    Phase Error              (PE):    0.000ns
  Timing Exception:       False Path

    Location             Delay type                Incr(ns)  Path(ns)    Netlist Resource(s)
  -------------------------------------------------------------------    -------------------
                         (clock sys_clk rise edge)    0.000     0.000 r  
    Y18                                               0.000     0.000 r  clk (IN)
                         net (fo=0)                   0.000     0.000    clk
    Y18                  IBUF (Prop_ibuf_I_O)         0.312     0.312 r  clk_IBUF_inst/O
                         net (fo=1, routed)           0.640     0.952    clk_IBUF
    BUFGCTRL_X0Y0        BUFG (Prop_bufg_I_O)         0.026     0.978 r  clk_IBUF_BUFG_inst/O
                         net (fo=308, routed)         0.592     1.570    u_display/clk_IBUF_BUFG
    SLICE_X1Y71          FDCE                                         r  u_display/scan_index_reg[0]/C
  -------------------------------------------------------------------    -------------------
    SLICE_X1Y71          FDCE (Prop_fdce_C_Q)         0.141     1.711 r  u_display/scan_index_reg[0]/Q
                         net (fo=33, routed)          0.280     1.991    u_display/scan_index_reg[0]_0[0]
    SLICE_X0Y70          LUT3 (Prop_lut3_I1_O)        0.042     2.033 r  u_display/sel_OBUF[6]_inst_i_1/O
                         net (fo=1, routed)           0.338     2.370    sel_OBUF[6]
    V18                  OBUF (Prop_obuf_I_O)         1.360     3.731 r  sel_OBUF[6]_inst/O
                         net (fo=0)                   0.000     3.731    sel[6]
    V18                                                               r  sel[6] (OUT)
  -------------------------------------------------------------------    -------------------

Slack:                    inf
  Source:                 u_display/scan_index_reg[1]/C
                            (rising edge-triggered cell FDCE clocked by sys_clk  {rise@0.000ns fall@10.000ns period=20.000ns})
  Destination:            sel[7]
                            (output port)
  Path Group:             (none)
  Path Type:              Min at Fast Process Corner
  Data Path Delay:        2.211ns  (logic 1.555ns (70.320%)  route 0.656ns (29.680%))
  Logic Levels:           2  (LUT3=1 OBUF=1)
  Clock Uncertainty:      0.025ns  ((TSJ^2 + TIJ^2)^1/2 + DJ) / 2 + PE
    Total System Jitter     (TSJ):    0.050ns
    Total Input Jitter      (TIJ):    0.000ns
    Discrete Jitter          (DJ):    0.000ns
    Phase Error              (PE):    0.000ns
  Timing Exception:       False Path

    Location             Delay type                Incr(ns)  Path(ns)    Netlist Resource(s)
  -------------------------------------------------------------------    -------------------
                         (clock sys_clk rise edge)    0.000     0.000 r  
    Y18                                               0.000     0.000 r  clk (IN)
                         net (fo=0)                   0.000     0.000    clk
    Y18                  IBUF (Prop_ibuf_I_O)         0.312     0.312 r  clk_IBUF_inst/O
                         net (fo=1, routed)           0.640     0.952    clk_IBUF
    BUFGCTRL_X0Y0        BUFG (Prop_bufg_I_O)         0.026     0.978 r  clk_IBUF_BUFG_inst/O
                         net (fo=308, routed)         0.592     1.570    u_display/clk_IBUF_BUFG
    SLICE_X1Y71          FDCE                                         r  u_display/scan_index_reg[1]/C
  -------------------------------------------------------------------    -------------------
    SLICE_X1Y71          FDCE (Prop_fdce_C_Q)         0.141     1.711 f  u_display/scan_index_reg[1]/Q
                         net (fo=23, routed)          0.287     1.998    u_display/scan_index[1]
    SLICE_X3Y73          LUT3 (Prop_lut3_I1_O)        0.043     2.041 r  u_display/sel_OBUF[7]_inst_i_1/O
                         net (fo=1, routed)           0.369     2.410    sel_OBUF[7]
    Y19                  OBUF (Prop_obuf_I_O)         1.371     3.781 r  sel_OBUF[7]_inst/O
                         net (fo=0)                   0.000     3.781    sel[7]
    Y19                                                               r  sel[7] (OUT)
  -------------------------------------------------------------------    -------------------

Slack:                    inf
  Source:                 u_display/scan_index_reg[1]/C
                            (rising edge-triggered cell FDCE clocked by sys_clk  {rise@0.000ns fall@10.000ns period=20.000ns})
  Destination:            sel[3]
                            (output port)
  Path Group:             (none)
  Path Type:              Min at Fast Process Corner
  Data Path Delay:        2.212ns  (logic 1.555ns (70.303%)  route 0.657ns (29.697%))
  Logic Levels:           2  (LUT3=1 OBUF=1)
  Clock Uncertainty:      0.025ns  ((TSJ^2 + TIJ^2)^1/2 + DJ) / 2 + PE
    Total System Jitter     (TSJ):    0.050ns
    Total Input Jitter      (TIJ):    0.000ns
    Discrete Jitter          (DJ):    0.000ns
    Phase Error              (PE):    0.000ns
  Timing Exception:       False Path

    Location             Delay type                Incr(ns)  Path(ns)    Netlist Resource(s)
  -------------------------------------------------------------------    -------------------
                         (clock sys_clk rise edge)    0.000     0.000 r  
    Y18                                               0.000     0.000 r  clk (IN)
                         net (fo=0)                   0.000     0.000    clk
    Y18                  IBUF (Prop_ibuf_I_O)         0.312     0.312 r  clk_IBUF_inst/O
                         net (fo=1, routed)           0.640     0.952    clk_IBUF
    BUFGCTRL_X0Y0        BUFG (Prop_bufg_I_O)         0.026     0.978 r  clk_IBUF_BUFG_inst/O
                         net (fo=308, routed)         0.592     1.570    u_display/clk_IBUF_BUFG
    SLICE_X1Y71          FDCE                                         r  u_display/scan_index_reg[1]/C
  -------------------------------------------------------------------    -------------------
    SLICE_X1Y71          FDCE (Prop_fdce_C_Q)         0.141     1.711 f  u_display/scan_index_reg[1]/Q
                         net (fo=23, routed)          0.267     1.977    u_display/scan_index[1]
    SLICE_X0Y70          LUT3 (Prop_lut3_I1_O)        0.043     2.020 r  u_display/sel_OBUF[3]_inst_i_1/O
                         net (fo=1, routed)           0.390     2.411    sel_OBUF[3]
    AB20                 OBUF (Prop_obuf_I_O)         1.371     3.781 r  sel_OBUF[3]_inst/O
                         net (fo=0)                   0.000     3.781    sel[3]
    AB20                                                              r  sel[3] (OUT)
  -------------------------------------------------------------------    -------------------

Slack:                    inf
  Source:                 u_display/scan_index_reg[1]/C
                            (rising edge-triggered cell FDCE clocked by sys_clk  {rise@0.000ns fall@10.000ns period=20.000ns})
  Destination:            seg[0]
                            (output port)
  Path Group:             (none)
  Path Type:              Min at Fast Process Corner
  Data Path Delay:        2.409ns  (logic 1.531ns (63.558%)  route 0.878ns (36.442%))
  Logic Levels:           3  (LUT4=1 LUT6=1 OBUF=1)
  Clock Uncertainty:      0.025ns  ((TSJ^2 + TIJ^2)^1/2 + DJ) / 2 + PE
    Total System Jitter     (TSJ):    0.050ns
    Total Input Jitter      (TIJ):    0.000ns
    Discrete Jitter          (DJ):    0.000ns
    Phase Error              (PE):    0.000ns
  Timing Exception:       False Path

    Location             Delay type                Incr(ns)  Path(ns)    Netlist Resource(s)
  -------------------------------------------------------------------    -------------------
                         (clock sys_clk rise edge)    0.000     0.000 r  
    Y18                                               0.000     0.000 r  clk (IN)
                         net (fo=0)                   0.000     0.000    clk
    Y18                  IBUF (Prop_ibuf_I_O)         0.312     0.312 r  clk_IBUF_inst/O
                         net (fo=1, routed)           0.640     0.952    clk_IBUF
    BUFGCTRL_X0Y0        BUFG (Prop_bufg_I_O)         0.026     0.978 r  clk_IBUF_BUFG_inst/O
                         net (fo=308, routed)         0.592     1.570    u_display/clk_IBUF_BUFG
    SLICE_X1Y71          FDCE                                         r  u_display/scan_index_reg[1]/C
  -------------------------------------------------------------------    -------------------
    SLICE_X1Y71          FDCE (Prop_fdce_C_Q)         0.141     1.711 r  u_display/scan_index_reg[1]/Q
                         net (fo=23, routed)          0.298     2.008    u_display/scan_index[1]
    SLICE_X1Y72          LUT6 (Prop_lut6_I4_O)        0.045     2.053 r  u_display/seg_OBUF[6]_inst_i_3/O
                         net (fo=6, routed)           0.221     2.275    u_display/seg_OBUF[6]_inst_i_3_n_0
    SLICE_X0Y71          LUT4 (Prop_lut4_I3_O)        0.045     2.320 r  u_display/seg_OBUF[0]_inst_i_1/O
                         net (fo=1, routed)           0.359     2.679    seg_OBUF[0]
    AB18                 OBUF (Prop_obuf_I_O)         1.300     3.979 r  seg_OBUF[0]_inst/O
                         net (fo=0)                   0.000     3.979    seg[0]
    AB18                                                              r  seg[0] (OUT)
  -------------------------------------------------------------------    -------------------

Slack:                    inf
  Source:                 u_display/scan_index_reg[2]/C
                            (rising edge-triggered cell FDCE clocked by sys_clk  {rise@0.000ns fall@10.000ns period=20.000ns})
  Destination:            seg[4]
                            (output port)
  Path Group:             (none)
  Path Type:              Min at Fast Process Corner
  Data Path Delay:        2.424ns  (logic 1.516ns (62.544%)  route 0.908ns (37.456%))
  Logic Levels:           3  (LUT3=1 LUT6=1 OBUF=1)
  Clock Uncertainty:      0.025ns  ((TSJ^2 + TIJ^2)^1/2 + DJ) / 2 + PE
    Total System Jitter     (TSJ):    0.050ns
    Total Input Jitter      (TIJ):    0.000ns
    Discrete Jitter          (DJ):    0.000ns
    Phase Error              (PE):    0.000ns
  Timing Exception:       False Path

    Location             Delay type                Incr(ns)  Path(ns)    Netlist Resource(s)
  -------------------------------------------------------------------    -------------------
                         (clock sys_clk rise edge)    0.000     0.000 r  
    Y18                                               0.000     0.000 r  clk (IN)
                         net (fo=0)                   0.000     0.000    clk
    Y18                  IBUF (Prop_ibuf_I_O)         0.312     0.312 r  clk_IBUF_inst/O
                         net (fo=1, routed)           0.640     0.952    clk_IBUF
    BUFGCTRL_X0Y0        BUFG (Prop_bufg_I_O)         0.026     0.978 r  clk_IBUF_BUFG_inst/O
                         net (fo=308, routed)         0.592     1.570    u_display/clk_IBUF_BUFG
    SLICE_X1Y71          FDCE                                         r  u_display/scan_index_reg[2]/C
  -------------------------------------------------------------------    -------------------
    SLICE_X1Y71          FDCE (Prop_fdce_C_Q)         0.128     1.698 r  u_display/scan_index_reg[2]/Q
                         net (fo=13, routed)          0.243     1.941    u_display/scan_index[2]
    SLICE_X1Y72          LUT6 (Prop_lut6_I5_O)        0.099     2.040 f  u_display/seg_OBUF[6]_inst_i_4/O
                         net (fo=7, routed)           0.226     2.266    u_display/seg_OBUF[6]_inst_i_4_n_0
    SLICE_X0Y71          LUT3 (Prop_lut3_I1_O)        0.045     2.311 r  u_display/seg_OBUF[4]_inst_i_1/O
                         net (fo=1, routed)           0.439     2.750    seg_OBUF[4]
    R14                  OBUF (Prop_obuf_I_O)         1.244     3.994 r  seg_OBUF[4]_inst/O
                         net (fo=0)                   0.000     3.994    seg[4]
    R14                                                               r  seg[4] (OUT)
  -------------------------------------------------------------------    -------------------





--------------------------------------------------------------------------------------
Path Group:  (none)
From Clock:  
  To Clock:  sys_clk

Max Delay           386 Endpoints
Min Delay           386 Endpoints
--------------------------------------------------------------------------------------


Max Delay Paths
--------------------------------------------------------------------------------------
Slack:                    inf
  Source:                 sw1
                            (input port)
  Destination:            state_reg[2]/CE
                            (rising edge-triggered cell FDRE clocked by sys_clk  {rise@0.000ns fall@10.000ns period=20.000ns})
  Path Group:             (none)
  Path Type:              Setup (Max at Slow Process Corner)
  Data Path Delay:        9.134ns  (logic 3.588ns (39.280%)  route 5.546ns (60.720%))
  Logic Levels:           10  (CARRY4=4 IBUF=1 LUT4=2 LUT5=1 LUT6=2)
  Clock Path Skew:        4.369ns (DCD - SCD + CPR)
    Destination Clock Delay (DCD):    4.369ns
    Source Clock Delay      (SCD):    0.000ns
    Clock Pessimism Removal (CPR):    0.000ns
  Clock Uncertainty:      0.025ns  ((TSJ^2 + TIJ^2)^1/2 + DJ) / 2 + PE
    Total System Jitter     (TSJ):    0.050ns
    Total Input Jitter      (TIJ):    0.000ns
    Discrete Jitter          (DJ):    0.000ns
    Phase Error              (PE):    0.000ns
  Timing Exception:       False Path

    Location             Delay type                Incr(ns)  Path(ns)    Netlist Resource(s)
  -------------------------------------------------------------------    -------------------
    N14                                               0.000     0.000 r  sw1 (IN)
                         net (fo=0)                   0.000     0.000    sw1
    N14                  IBUF (Prop_ibuf_I_O)         1.444     1.444 r  sw1_IBUF_inst/O
                         net (fo=9, routed)           1.990     3.434    u_key1/sw1_IBUF
    SLICE_X4Y76          LUT4 (Prop_lut4_I3_O)        0.105     3.539 r  u_key1/paid_amount[3]_i_5/O
                         net (fo=1, routed)           0.000     3.539    u_key1/paid_amount[3]_i_5_n_0
    SLICE_X4Y76          CARRY4 (Prop_carry4_S[1]_CO[3])
                                                      0.457     3.996 r  u_key1/paid_amount_reg[3]_i_2/CO[3]
                         net (fo=1, routed)           0.000     3.996    u_key1/paid_amount_reg[3]_i_2_n_0
    SLICE_X4Y77          CARRY4 (Prop_carry4_CI_O[1])
                                                      0.265     4.261 r  u_key1/paid_amount_reg[7]_i_2/O[1]
                         net (fo=5, routed)           0.824     5.085    u_key1/inserted_sum[5]
    SLICE_X3Y77          LUT4 (Prop_lut4_I0_O)        0.250     5.335 r  u_key1/blink_mask[3]_i_14/O
                         net (fo=1, routed)           0.000     5.335    u_key1/blink_mask[3]_i_14_n_0
    SLICE_X3Y77          CARRY4 (Prop_carry4_S[2]_CO[3])
                                                      0.332     5.667 r  u_key1/blink_mask_reg[3]_i_6/CO[3]
                         net (fo=1, routed)           0.000     5.667    u_key1/blink_mask_reg[3]_i_6_n_0
    SLICE_X3Y78          CARRY4 (Prop_carry4_CI_CO[0])
                                                      0.216     5.883 r  u_key1/blink_mask_reg[3]_i_5/CO[0]
                         net (fo=4, routed)           0.835     6.717    u_key4/CO[0]
    SLICE_X3Y73          LUT6 (Prop_lut6_I5_O)        0.309     7.026 f  u_key4/event_count[31]_i_3/O
                         net (fo=2, routed)           0.701     7.727    u_blink/state_reg[0]_3
    SLICE_X4Y72          LUT5 (Prop_lut5_I3_O)        0.105     7.832 f  u_blink/state[3]_i_4/O
                         net (fo=1, routed)           0.740     8.572    u_blink/state[3]_i_4_n_0
    SLICE_X10Y73         LUT6 (Prop_lut6_I3_O)        0.105     8.677 r  u_blink/state[3]_i_1/O
                         net (fo=4, routed)           0.458     9.134    state
    SLICE_X9Y74          FDRE                                         r  state_reg[2]/CE
  -------------------------------------------------------------------    -------------------

                         (clock sys_clk rise edge)    0.000     0.000 r  
    Y18                                               0.000     0.000 r  clk (IN)
                         net (fo=0)                   0.000     0.000    clk
    Y18                  IBUF (Prop_ibuf_I_O)         1.409     1.409 r  clk_IBUF_inst/O
                         net (fo=1, routed)           1.620     3.030    clk_IBUF
    BUFGCTRL_X0Y0        BUFG (Prop_bufg_I_O)         0.077     3.107 r  clk_IBUF_BUFG_inst/O
                         net (fo=308, routed)         1.263     4.369    clk_IBUF_BUFG
    SLICE_X9Y74          FDRE                                         r  state_reg[2]/C

Slack:                    inf
  Source:                 sw1
                            (input port)
  Destination:            state_reg[3]/CE
                            (rising edge-triggered cell FDRE clocked by sys_clk  {rise@0.000ns fall@10.000ns period=20.000ns})
  Path Group:             (none)
  Path Type:              Setup (Max at Slow Process Corner)
  Data Path Delay:        9.134ns  (logic 3.588ns (39.280%)  route 5.546ns (60.720%))
  Logic Levels:           10  (CARRY4=4 IBUF=1 LUT4=2 LUT5=1 LUT6=2)
  Clock Path Skew:        4.369ns (DCD - SCD + CPR)
    Destination Clock Delay (DCD):    4.369ns
    Source Clock Delay      (SCD):    0.000ns
    Clock Pessimism Removal (CPR):    0.000ns
  Clock Uncertainty:      0.025ns  ((TSJ^2 + TIJ^2)^1/2 + DJ) / 2 + PE
    Total System Jitter     (TSJ):    0.050ns
    Total Input Jitter      (TIJ):    0.000ns
    Discrete Jitter          (DJ):    0.000ns
    Phase Error              (PE):    0.000ns
  Timing Exception:       False Path

    Location             Delay type                Incr(ns)  Path(ns)    Netlist Resource(s)
  -------------------------------------------------------------------    -------------------
    N14                                               0.000     0.000 r  sw1 (IN)
                         net (fo=0)                   0.000     0.000    sw1
    N14                  IBUF (Prop_ibuf_I_O)         1.444     1.444 r  sw1_IBUF_inst/O
                         net (fo=9, routed)           1.990     3.434    u_key1/sw1_IBUF
    SLICE_X4Y76          LUT4 (Prop_lut4_I3_O)        0.105     3.539 r  u_key1/paid_amount[3]_i_5/O
                         net (fo=1, routed)           0.000     3.539    u_key1/paid_amount[3]_i_5_n_0
    SLICE_X4Y76          CARRY4 (Prop_carry4_S[1]_CO[3])
                                                      0.457     3.996 r  u_key1/paid_amount_reg[3]_i_2/CO[3]
                         net (fo=1, routed)           0.000     3.996    u_key1/paid_amount_reg[3]_i_2_n_0
    SLICE_X4Y77          CARRY4 (Prop_carry4_CI_O[1])
                                                      0.265     4.261 r  u_key1/paid_amount_reg[7]_i_2/O[1]
                         net (fo=5, routed)           0.824     5.085    u_key1/inserted_sum[5]
    SLICE_X3Y77          LUT4 (Prop_lut4_I0_O)        0.250     5.335 r  u_key1/blink_mask[3]_i_14/O
                         net (fo=1, routed)           0.000     5.335    u_key1/blink_mask[3]_i_14_n_0
    SLICE_X3Y77          CARRY4 (Prop_carry4_S[2]_CO[3])
                                                      0.332     5.667 r  u_key1/blink_mask_reg[3]_i_6/CO[3]
                         net (fo=1, routed)           0.000     5.667    u_key1/blink_mask_reg[3]_i_6_n_0
    SLICE_X3Y78          CARRY4 (Prop_carry4_CI_CO[0])
                                                      0.216     5.883 r  u_key1/blink_mask_reg[3]_i_5/CO[0]
                         net (fo=4, routed)           0.835     6.717    u_key4/CO[0]
    SLICE_X3Y73          LUT6 (Prop_lut6_I5_O)        0.309     7.026 f  u_key4/event_count[31]_i_3/O
                         net (fo=2, routed)           0.701     7.727    u_blink/state_reg[0]_3
    SLICE_X4Y72          LUT5 (Prop_lut5_I3_O)        0.105     7.832 f  u_blink/state[3]_i_4/O
                         net (fo=1, routed)           0.740     8.572    u_blink/state[3]_i_4_n_0
    SLICE_X10Y73         LUT6 (Prop_lut6_I3_O)        0.105     8.677 r  u_blink/state[3]_i_1/O
                         net (fo=4, routed)           0.458     9.134    state
    SLICE_X9Y74          FDRE                                         r  state_reg[3]/CE
  -------------------------------------------------------------------    -------------------

                         (clock sys_clk rise edge)    0.000     0.000 r  
    Y18                                               0.000     0.000 r  clk (IN)
                         net (fo=0)                   0.000     0.000    clk
    Y18                  IBUF (Prop_ibuf_I_O)         1.409     1.409 r  clk_IBUF_inst/O
                         net (fo=1, routed)           1.620     3.030    clk_IBUF
    BUFGCTRL_X0Y0        BUFG (Prop_bufg_I_O)         0.077     3.107 r  clk_IBUF_BUFG_inst/O
                         net (fo=308, routed)         1.263     4.369    clk_IBUF_BUFG
    SLICE_X9Y74          FDRE                                         r  state_reg[3]/C

Slack:                    inf
  Source:                 sw1
                            (input port)
  Destination:            state_reg[0]/CE
                            (rising edge-triggered cell FDRE clocked by sys_clk  {rise@0.000ns fall@10.000ns period=20.000ns})
  Path Group:             (none)
  Path Type:              Setup (Max at Slow Process Corner)
  Data Path Delay:        9.125ns  (logic 3.588ns (39.322%)  route 5.537ns (60.678%))
  Logic Levels:           10  (CARRY4=4 IBUF=1 LUT4=2 LUT5=1 LUT6=2)
  Clock Path Skew:        4.369ns (DCD - SCD + CPR)
    Destination Clock Delay (DCD):    4.369ns
    Source Clock Delay      (SCD):    0.000ns
    Clock Pessimism Removal (CPR):    0.000ns
  Clock Uncertainty:      0.025ns  ((TSJ^2 + TIJ^2)^1/2 + DJ) / 2 + PE
    Total System Jitter     (TSJ):    0.050ns
    Total Input Jitter      (TIJ):    0.000ns
    Discrete Jitter          (DJ):    0.000ns
    Phase Error              (PE):    0.000ns
  Timing Exception:       False Path

    Location             Delay type                Incr(ns)  Path(ns)    Netlist Resource(s)
  -------------------------------------------------------------------    -------------------
    N14                                               0.000     0.000 r  sw1 (IN)
                         net (fo=0)                   0.000     0.000    sw1
    N14                  IBUF (Prop_ibuf_I_O)         1.444     1.444 r  sw1_IBUF_inst/O
                         net (fo=9, routed)           1.990     3.434    u_key1/sw1_IBUF
    SLICE_X4Y76          LUT4 (Prop_lut4_I3_O)        0.105     3.539 r  u_key1/paid_amount[3]_i_5/O
                         net (fo=1, routed)           0.000     3.539    u_key1/paid_amount[3]_i_5_n_0
    SLICE_X4Y76          CARRY4 (Prop_carry4_S[1]_CO[3])
                                                      0.457     3.996 r  u_key1/paid_amount_reg[3]_i_2/CO[3]
                         net (fo=1, routed)           0.000     3.996    u_key1/paid_amount_reg[3]_i_2_n_0
    SLICE_X4Y77          CARRY4 (Prop_carry4_CI_O[1])
                                                      0.265     4.261 r  u_key1/paid_amount_reg[7]_i_2/O[1]
                         net (fo=5, routed)           0.824     5.085    u_key1/inserted_sum[5]
    SLICE_X3Y77          LUT4 (Prop_lut4_I0_O)        0.250     5.335 r  u_key1/blink_mask[3]_i_14/O
                         net (fo=1, routed)           0.000     5.335    u_key1/blink_mask[3]_i_14_n_0
    SLICE_X3Y77          CARRY4 (Prop_carry4_S[2]_CO[3])
                                                      0.332     5.667 r  u_key1/blink_mask_reg[3]_i_6/CO[3]
                         net (fo=1, routed)           0.000     5.667    u_key1/blink_mask_reg[3]_i_6_n_0
    SLICE_X3Y78          CARRY4 (Prop_carry4_CI_CO[0])
                                                      0.216     5.883 r  u_key1/blink_mask_reg[3]_i_5/CO[0]
                         net (fo=4, routed)           0.835     6.717    u_key4/CO[0]
    SLICE_X3Y73          LUT6 (Prop_lut6_I5_O)        0.309     7.026 f  u_key4/event_count[31]_i_3/O
                         net (fo=2, routed)           0.701     7.727    u_blink/state_reg[0]_3
    SLICE_X4Y72          LUT5 (Prop_lut5_I3_O)        0.105     7.832 f  u_blink/state[3]_i_4/O
                         net (fo=1, routed)           0.740     8.572    u_blink/state[3]_i_4_n_0
    SLICE_X10Y73         LUT6 (Prop_lut6_I3_O)        0.105     8.677 r  u_blink/state[3]_i_1/O
                         net (fo=4, routed)           0.448     9.125    state
    SLICE_X9Y75          FDRE                                         r  state_reg[0]/CE
  -------------------------------------------------------------------    -------------------

                         (clock sys_clk rise edge)    0.000     0.000 r  
    Y18                                               0.000     0.000 r  clk (IN)
                         net (fo=0)                   0.000     0.000    clk
    Y18                  IBUF (Prop_ibuf_I_O)         1.409     1.409 r  clk_IBUF_inst/O
                         net (fo=1, routed)           1.620     3.030    clk_IBUF
    BUFGCTRL_X0Y0        BUFG (Prop_bufg_I_O)         0.077     3.107 r  clk_IBUF_BUFG_inst/O
                         net (fo=308, routed)         1.263     4.369    clk_IBUF_BUFG
    SLICE_X9Y75          FDRE                                         r  state_reg[0]/C

Slack:                    inf
  Source:                 sw1
                            (input port)
  Destination:            state_reg[1]/CE
                            (rising edge-triggered cell FDRE clocked by sys_clk  {rise@0.000ns fall@10.000ns period=20.000ns})
  Path Group:             (none)
  Path Type:              Setup (Max at Slow Process Corner)
  Data Path Delay:        9.125ns  (logic 3.588ns (39.322%)  route 5.537ns (60.678%))
  Logic Levels:           10  (CARRY4=4 IBUF=1 LUT4=2 LUT5=1 LUT6=2)
  Clock Path Skew:        4.369ns (DCD - SCD + CPR)
    Destination Clock Delay (DCD):    4.369ns
    Source Clock Delay      (SCD):    0.000ns
    Clock Pessimism Removal (CPR):    0.000ns
  Clock Uncertainty:      0.025ns  ((TSJ^2 + TIJ^2)^1/2 + DJ) / 2 + PE
    Total System Jitter     (TSJ):    0.050ns
    Total Input Jitter      (TIJ):    0.000ns
    Discrete Jitter          (DJ):    0.000ns
    Phase Error              (PE):    0.000ns
  Timing Exception:       False Path

    Location             Delay type                Incr(ns)  Path(ns)    Netlist Resource(s)
  -------------------------------------------------------------------    -------------------
    N14                                               0.000     0.000 r  sw1 (IN)
                         net (fo=0)                   0.000     0.000    sw1
    N14                  IBUF (Prop_ibuf_I_O)         1.444     1.444 r  sw1_IBUF_inst/O
                         net (fo=9, routed)           1.990     3.434    u_key1/sw1_IBUF
    SLICE_X4Y76          LUT4 (Prop_lut4_I3_O)        0.105     3.539 r  u_key1/paid_amount[3]_i_5/O
                         net (fo=1, routed)           0.000     3.539    u_key1/paid_amount[3]_i_5_n_0
    SLICE_X4Y76          CARRY4 (Prop_carry4_S[1]_CO[3])
                                                      0.457     3.996 r  u_key1/paid_amount_reg[3]_i_2/CO[3]
                         net (fo=1, routed)           0.000     3.996    u_key1/paid_amount_reg[3]_i_2_n_0
    SLICE_X4Y77          CARRY4 (Prop_carry4_CI_O[1])
                                                      0.265     4.261 r  u_key1/paid_amount_reg[7]_i_2/O[1]
                         net (fo=5, routed)           0.824     5.085    u_key1/inserted_sum[5]
    SLICE_X3Y77          LUT4 (Prop_lut4_I0_O)        0.250     5.335 r  u_key1/blink_mask[3]_i_14/O
                         net (fo=1, routed)           0.000     5.335    u_key1/blink_mask[3]_i_14_n_0
    SLICE_X3Y77          CARRY4 (Prop_carry4_S[2]_CO[3])
                                                      0.332     5.667 r  u_key1/blink_mask_reg[3]_i_6/CO[3]
                         net (fo=1, routed)           0.000     5.667    u_key1/blink_mask_reg[3]_i_6_n_0
    SLICE_X3Y78          CARRY4 (Prop_carry4_CI_CO[0])
                                                      0.216     5.883 r  u_key1/blink_mask_reg[3]_i_5/CO[0]
                         net (fo=4, routed)           0.835     6.717    u_key4/CO[0]
    SLICE_X3Y73          LUT6 (Prop_lut6_I5_O)        0.309     7.026 f  u_key4/event_count[31]_i_3/O
                         net (fo=2, routed)           0.701     7.727    u_blink/state_reg[0]_3
    SLICE_X4Y72          LUT5 (Prop_lut5_I3_O)        0.105     7.832 f  u_blink/state[3]_i_4/O
                         net (fo=1, routed)           0.740     8.572    u_blink/state[3]_i_4_n_0
    SLICE_X10Y73         LUT6 (Prop_lut6_I3_O)        0.105     8.677 r  u_blink/state[3]_i_1/O
                         net (fo=4, routed)           0.448     9.125    state
    SLICE_X9Y75          FDRE                                         r  state_reg[1]/CE
  -------------------------------------------------------------------    -------------------

                         (clock sys_clk rise edge)    0.000     0.000 r  
    Y18                                               0.000     0.000 r  clk (IN)
                         net (fo=0)                   0.000     0.000    clk
    Y18                  IBUF (Prop_ibuf_I_O)         1.409     1.409 r  clk_IBUF_inst/O
                         net (fo=1, routed)           1.620     3.030    clk_IBUF
    BUFGCTRL_X0Y0        BUFG (Prop_bufg_I_O)         0.077     3.107 r  clk_IBUF_BUFG_inst/O
                         net (fo=308, routed)         1.263     4.369    clk_IBUF_BUFG
    SLICE_X9Y75          FDRE                                         r  state_reg[1]/C

Slack:                    inf
  Source:                 sw1
                            (input port)
  Destination:            blink_start_reg/D
                            (rising edge-triggered cell FDRE clocked by sys_clk  {rise@0.000ns fall@10.000ns period=20.000ns})
  Path Group:             (none)
  Path Type:              Setup (Max at Slow Process Corner)
  Data Path Delay:        8.932ns  (logic 3.588ns (40.168%)  route 5.344ns (59.832%))
  Logic Levels:           10  (CARRY4=4 IBUF=1 LUT2=1 LUT4=2 LUT6=2)
  Clock Path Skew:        4.369ns (DCD - SCD + CPR)
    Destination Clock Delay (DCD):    4.369ns
    Source Clock Delay      (SCD):    0.000ns
    Clock Pessimism Removal (CPR):    0.000ns
  Clock Uncertainty:      0.025ns  ((TSJ^2 + TIJ^2)^1/2 + DJ) / 2 + PE
    Total System Jitter     (TSJ):    0.050ns
    Total Input Jitter      (TIJ):    0.000ns
    Discrete Jitter          (DJ):    0.000ns
    Phase Error              (PE):    0.000ns
  Timing Exception:       False Path

    Location             Delay type                Incr(ns)  Path(ns)    Netlist Resource(s)
  -------------------------------------------------------------------    -------------------
    N14                                               0.000     0.000 r  sw1 (IN)
                         net (fo=0)                   0.000     0.000    sw1
    N14                  IBUF (Prop_ibuf_I_O)         1.444     1.444 r  sw1_IBUF_inst/O
                         net (fo=9, routed)           1.990     3.434    u_key1/sw1_IBUF
    SLICE_X4Y76          LUT4 (Prop_lut4_I3_O)        0.105     3.539 r  u_key1/paid_amount[3]_i_5/O
                         net (fo=1, routed)           0.000     3.539    u_key1/paid_amount[3]_i_5_n_0
    SLICE_X4Y76          CARRY4 (Prop_carry4_S[1]_CO[3])
                                                      0.457     3.996 r  u_key1/paid_amount_reg[3]_i_2/CO[3]
                         net (fo=1, routed)           0.000     3.996    u_key1/paid_amount_reg[3]_i_2_n_0
    SLICE_X4Y77          CARRY4 (Prop_carry4_CI_O[1])
                                                      0.265     4.261 r  u_key1/paid_amount_reg[7]_i_2/O[1]
                         net (fo=5, routed)           0.824     5.085    u_key1/inserted_sum[5]
    SLICE_X3Y77          LUT4 (Prop_lut4_I0_O)        0.250     5.335 r  u_key1/blink_mask[3]_i_14/O
                         net (fo=1, routed)           0.000     5.335    u_key1/blink_mask[3]_i_14_n_0
    SLICE_X3Y77          CARRY4 (Prop_carry4_S[2]_CO[3])
                                                      0.332     5.667 r  u_key1/blink_mask_reg[3]_i_6/CO[3]
                         net (fo=1, routed)           0.000     5.667    u_key1/blink_mask_reg[3]_i_6_n_0
    SLICE_X3Y78          CARRY4 (Prop_carry4_CI_CO[0])
                                                      0.216     5.883 r  u_key1/blink_mask_reg[3]_i_5/CO[0]
                         net (fo=4, routed)           1.491     7.373    u_key1/CO[0]
    SLICE_X8Y75          LUT6 (Prop_lut6_I4_O)        0.309     7.682 r  u_key1/blink_mask[3]_i_3/O
                         net (fo=1, routed)           0.491     8.173    u_key1/blink_mask[3]_i_3_n_0
    SLICE_X8Y74          LUT6 (Prop_lut6_I0_O)        0.105     8.278 r  u_key1/blink_mask[3]_i_1/O
                         net (fo=6, routed)           0.549     8.827    u_key1/E[0]
    SLICE_X10Y75         LUT2 (Prop_lut2_I0_O)        0.105     8.932 r  u_key1/blink_start_i_1/O
                         net (fo=1, routed)           0.000     8.932    u_key1_n_28
    SLICE_X10Y75         FDRE                                         r  blink_start_reg/D
  -------------------------------------------------------------------    -------------------

                         (clock sys_clk rise edge)    0.000     0.000 r  
    Y18                                               0.000     0.000 r  clk (IN)
                         net (fo=0)                   0.000     0.000    clk
    Y18                  IBUF (Prop_ibuf_I_O)         1.409     1.409 r  clk_IBUF_inst/O
                         net (fo=1, routed)           1.620     3.030    clk_IBUF
    BUFGCTRL_X0Y0        BUFG (Prop_bufg_I_O)         0.077     3.107 r  clk_IBUF_BUFG_inst/O
                         net (fo=308, routed)         1.263     4.369    clk_IBUF_BUFG
    SLICE_X10Y75         FDRE                                         r  blink_start_reg/C

Slack:                    inf
  Source:                 sw1
                            (input port)
  Destination:            event_count_reg[12]/CE
                            (rising edge-triggered cell FDRE clocked by sys_clk  {rise@0.000ns fall@10.000ns period=20.000ns})
  Path Group:             (none)
  Path Type:              Setup (Max at Slow Process Corner)
  Data Path Delay:        8.818ns  (logic 3.483ns (39.501%)  route 5.335ns (60.499%))
  Logic Levels:           9  (CARRY4=4 IBUF=1 LUT4=2 LUT5=1 LUT6=1)
  Clock Path Skew:        4.445ns (DCD - SCD + CPR)
    Destination Clock Delay (DCD):    4.445ns
    Source Clock Delay      (SCD):    0.000ns
    Clock Pessimism Removal (CPR):    0.000ns
  Clock Uncertainty:      0.025ns  ((TSJ^2 + TIJ^2)^1/2 + DJ) / 2 + PE
    Total System Jitter     (TSJ):    0.050ns
    Total Input Jitter      (TIJ):    0.000ns
    Discrete Jitter          (DJ):    0.000ns
    Phase Error              (PE):    0.000ns
  Timing Exception:       False Path

    Location             Delay type                Incr(ns)  Path(ns)    Netlist Resource(s)
  -------------------------------------------------------------------    -------------------
    N14                                               0.000     0.000 r  sw1 (IN)
                         net (fo=0)                   0.000     0.000    sw1
    N14                  IBUF (Prop_ibuf_I_O)         1.444     1.444 r  sw1_IBUF_inst/O
                         net (fo=9, routed)           1.990     3.434    u_key1/sw1_IBUF
    SLICE_X4Y76          LUT4 (Prop_lut4_I3_O)        0.105     3.539 r  u_key1/paid_amount[3]_i_5/O
                         net (fo=1, routed)           0.000     3.539    u_key1/paid_amount[3]_i_5_n_0
    SLICE_X4Y76          CARRY4 (Prop_carry4_S[1]_CO[3])
                                                      0.457     3.996 r  u_key1/paid_amount_reg[3]_i_2/CO[3]
                         net (fo=1, routed)           0.000     3.996    u_key1/paid_amount_reg[3]_i_2_n_0
    SLICE_X4Y77          CARRY4 (Prop_carry4_CI_O[1])
                                                      0.265     4.261 r  u_key1/paid_amount_reg[7]_i_2/O[1]
                         net (fo=5, routed)           0.824     5.085    u_key1/inserted_sum[5]
    SLICE_X3Y77          LUT4 (Prop_lut4_I0_O)        0.250     5.335 r  u_key1/blink_mask[3]_i_14/O
                         net (fo=1, routed)           0.000     5.335    u_key1/blink_mask[3]_i_14_n_0
    SLICE_X3Y77          CARRY4 (Prop_carry4_S[2]_CO[3])
                                                      0.332     5.667 r  u_key1/blink_mask_reg[3]_i_6/CO[3]
                         net (fo=1, routed)           0.000     5.667    u_key1/blink_mask_reg[3]_i_6_n_0
    SLICE_X3Y78          CARRY4 (Prop_carry4_CI_CO[0])
                                                      0.216     5.883 r  u_key1/blink_mask_reg[3]_i_5/CO[0]
                         net (fo=4, routed)           0.835     6.717    u_key4/CO[0]
    SLICE_X3Y73          LUT6 (Prop_lut6_I5_O)        0.309     7.026 f  u_key4/event_count[31]_i_3/O
                         net (fo=2, routed)           0.360     7.386    u_key4/press_pulse_reg_0
    SLICE_X4Y72          LUT5 (Prop_lut5_I4_O)        0.105     7.491 r  u_key4/event_count[31]_i_1/O
                         net (fo=32, routed)          1.326     8.818    u_key4_n_0
    SLICE_X3Y68          FDRE                                         r  event_count_reg[12]/CE
  -------------------------------------------------------------------    -------------------

                         (clock sys_clk rise edge)    0.000     0.000 r  
    Y18                                               0.000     0.000 r  clk (IN)
                         net (fo=0)                   0.000     0.000    clk
    Y18                  IBUF (Prop_ibuf_I_O)         1.409     1.409 r  clk_IBUF_inst/O
                         net (fo=1, routed)           1.620     3.030    clk_IBUF
    BUFGCTRL_X0Y0        BUFG (Prop_bufg_I_O)         0.077     3.107 r  clk_IBUF_BUFG_inst/O
                         net (fo=308, routed)         1.339     4.445    clk_IBUF_BUFG
    SLICE_X3Y68          FDRE                                         r  event_count_reg[12]/C

Slack:                    inf
  Source:                 sw1
                            (input port)
  Destination:            event_count_reg[13]/CE
                            (rising edge-triggered cell FDRE clocked by sys_clk  {rise@0.000ns fall@10.000ns period=20.000ns})
  Path Group:             (none)
  Path Type:              Setup (Max at Slow Process Corner)
  Data Path Delay:        8.818ns  (logic 3.483ns (39.501%)  route 5.335ns (60.499%))
  Logic Levels:           9  (CARRY4=4 IBUF=1 LUT4=2 LUT5=1 LUT6=1)
  Clock Path Skew:        4.445ns (DCD - SCD + CPR)
    Destination Clock Delay (DCD):    4.445ns
    Source Clock Delay      (SCD):    0.000ns
    Clock Pessimism Removal (CPR):    0.000ns
  Clock Uncertainty:      0.025ns  ((TSJ^2 + TIJ^2)^1/2 + DJ) / 2 + PE
    Total System Jitter     (TSJ):    0.050ns
    Total Input Jitter      (TIJ):    0.000ns
    Discrete Jitter          (DJ):    0.000ns
    Phase Error              (PE):    0.000ns
  Timing Exception:       False Path

    Location             Delay type                Incr(ns)  Path(ns)    Netlist Resource(s)
  -------------------------------------------------------------------    -------------------
    N14                                               0.000     0.000 r  sw1 (IN)
                         net (fo=0)                   0.000     0.000    sw1
    N14                  IBUF (Prop_ibuf_I_O)         1.444     1.444 r  sw1_IBUF_inst/O
                         net (fo=9, routed)           1.990     3.434    u_key1/sw1_IBUF
    SLICE_X4Y76          LUT4 (Prop_lut4_I3_O)        0.105     3.539 r  u_key1/paid_amount[3]_i_5/O
                         net (fo=1, routed)           0.000     3.539    u_key1/paid_amount[3]_i_5_n_0
    SLICE_X4Y76          CARRY4 (Prop_carry4_S[1]_CO[3])
                                                      0.457     3.996 r  u_key1/paid_amount_reg[3]_i_2/CO[3]
                         net (fo=1, routed)           0.000     3.996    u_key1/paid_amount_reg[3]_i_2_n_0
    SLICE_X4Y77          CARRY4 (Prop_carry4_CI_O[1])
                                                      0.265     4.261 r  u_key1/paid_amount_reg[7]_i_2/O[1]
                         net (fo=5, routed)           0.824     5.085    u_key1/inserted_sum[5]
    SLICE_X3Y77          LUT4 (Prop_lut4_I0_O)        0.250     5.335 r  u_key1/blink_mask[3]_i_14/O
                         net (fo=1, routed)           0.000     5.335    u_key1/blink_mask[3]_i_14_n_0
    SLICE_X3Y77          CARRY4 (Prop_carry4_S[2]_CO[3])
                                                      0.332     5.667 r  u_key1/blink_mask_reg[3]_i_6/CO[3]
                         net (fo=1, routed)           0.000     5.667    u_key1/blink_mask_reg[3]_i_6_n_0
    SLICE_X3Y78          CARRY4 (Prop_carry4_CI_CO[0])
                                                      0.216     5.883 r  u_key1/blink_mask_reg[3]_i_5/CO[0]
                         net (fo=4, routed)           0.835     6.717    u_key4/CO[0]
    SLICE_X3Y73          LUT6 (Prop_lut6_I5_O)        0.309     7.026 f  u_key4/event_count[31]_i_3/O
                         net (fo=2, routed)           0.360     7.386    u_key4/press_pulse_reg_0
    SLICE_X4Y72          LUT5 (Prop_lut5_I4_O)        0.105     7.491 r  u_key4/event_count[31]_i_1/O
                         net (fo=32, routed)          1.326     8.818    u_key4_n_0
    SLICE_X3Y68          FDRE                                         r  event_count_reg[13]/CE
  -------------------------------------------------------------------    -------------------

                         (clock sys_clk rise edge)    0.000     0.000 r  
    Y18                                               0.000     0.000 r  clk (IN)
                         net (fo=0)                   0.000     0.000    clk
    Y18                  IBUF (Prop_ibuf_I_O)         1.409     1.409 r  clk_IBUF_inst/O
                         net (fo=1, routed)           1.620     3.030    clk_IBUF
    BUFGCTRL_X0Y0        BUFG (Prop_bufg_I_O)         0.077     3.107 r  clk_IBUF_BUFG_inst/O
                         net (fo=308, routed)         1.339     4.445    clk_IBUF_BUFG
    SLICE_X3Y68          FDRE                                         r  event_count_reg[13]/C

Slack:                    inf
  Source:                 sw1
                            (input port)
  Destination:            event_count_reg[0]/CE
                            (rising edge-triggered cell FDRE clocked by sys_clk  {rise@0.000ns fall@10.000ns period=20.000ns})
  Path Group:             (none)
  Path Type:              Setup (Max at Slow Process Corner)
  Data Path Delay:        8.815ns  (logic 3.483ns (39.515%)  route 5.332ns (60.485%))
  Logic Levels:           9  (CARRY4=4 IBUF=1 LUT4=2 LUT5=1 LUT6=1)
  Clock Path Skew:        4.447ns (DCD - SCD + CPR)
    Destination Clock Delay (DCD):    4.447ns
    Source Clock Delay      (SCD):    0.000ns
    Clock Pessimism Removal (CPR):    0.000ns
  Clock Uncertainty:      0.025ns  ((TSJ^2 + TIJ^2)^1/2 + DJ) / 2 + PE
    Total System Jitter     (TSJ):    0.050ns
    Total Input Jitter      (TIJ):    0.000ns
    Discrete Jitter          (DJ):    0.000ns
    Phase Error              (PE):    0.000ns
  Timing Exception:       False Path

    Location             Delay type                Incr(ns)  Path(ns)    Netlist Resource(s)
  -------------------------------------------------------------------    -------------------
    N14                                               0.000     0.000 r  sw1 (IN)
                         net (fo=0)                   0.000     0.000    sw1
    N14                  IBUF (Prop_ibuf_I_O)         1.444     1.444 r  sw1_IBUF_inst/O
                         net (fo=9, routed)           1.990     3.434    u_key1/sw1_IBUF
    SLICE_X4Y76          LUT4 (Prop_lut4_I3_O)        0.105     3.539 r  u_key1/paid_amount[3]_i_5/O
                         net (fo=1, routed)           0.000     3.539    u_key1/paid_amount[3]_i_5_n_0
    SLICE_X4Y76          CARRY4 (Prop_carry4_S[1]_CO[3])
                                                      0.457     3.996 r  u_key1/paid_amount_reg[3]_i_2/CO[3]
                         net (fo=1, routed)           0.000     3.996    u_key1/paid_amount_reg[3]_i_2_n_0
    SLICE_X4Y77          CARRY4 (Prop_carry4_CI_O[1])
                                                      0.265     4.261 r  u_key1/paid_amount_reg[7]_i_2/O[1]
                         net (fo=5, routed)           0.824     5.085    u_key1/inserted_sum[5]
    SLICE_X3Y77          LUT4 (Prop_lut4_I0_O)        0.250     5.335 r  u_key1/blink_mask[3]_i_14/O
                         net (fo=1, routed)           0.000     5.335    u_key1/blink_mask[3]_i_14_n_0
    SLICE_X3Y77          CARRY4 (Prop_carry4_S[2]_CO[3])
                                                      0.332     5.667 r  u_key1/blink_mask_reg[3]_i_6/CO[3]
                         net (fo=1, routed)           0.000     5.667    u_key1/blink_mask_reg[3]_i_6_n_0
    SLICE_X3Y78          CARRY4 (Prop_carry4_CI_CO[0])
                                                      0.216     5.883 r  u_key1/blink_mask_reg[3]_i_5/CO[0]
                         net (fo=4, routed)           0.835     6.717    u_key4/CO[0]
    SLICE_X3Y73          LUT6 (Prop_lut6_I5_O)        0.309     7.026 f  u_key4/event_count[31]_i_3/O
                         net (fo=2, routed)           0.360     7.386    u_key4/press_pulse_reg_0
    SLICE_X4Y72          LUT5 (Prop_lut5_I4_O)        0.105     7.491 r  u_key4/event_count[31]_i_1/O
                         net (fo=32, routed)          1.323     8.815    u_key4_n_0
    SLICE_X3Y66          FDRE                                         r  event_count_reg[0]/CE
  -------------------------------------------------------------------    -------------------

                         (clock sys_clk rise edge)    0.000     0.000 r  
    Y18                                               0.000     0.000 r  clk (IN)
                         net (fo=0)                   0.000     0.000    clk
    Y18                  IBUF (Prop_ibuf_I_O)         1.409     1.409 r  clk_IBUF_inst/O
                         net (fo=1, routed)           1.620     3.030    clk_IBUF
    BUFGCTRL_X0Y0        BUFG (Prop_bufg_I_O)         0.077     3.107 r  clk_IBUF_BUFG_inst/O
                         net (fo=308, routed)         1.341     4.447    clk_IBUF_BUFG
    SLICE_X3Y66          FDRE                                         r  event_count_reg[0]/C

Slack:                    inf
  Source:                 sw1
                            (input port)
  Destination:            event_count_reg[1]/CE
                            (rising edge-triggered cell FDRE clocked by sys_clk  {rise@0.000ns fall@10.000ns period=20.000ns})
  Path Group:             (none)
  Path Type:              Setup (Max at Slow Process Corner)
  Data Path Delay:        8.815ns  (logic 3.483ns (39.515%)  route 5.332ns (60.485%))
  Logic Levels:           9  (CARRY4=4 IBUF=1 LUT4=2 LUT5=1 LUT6=1)
  Clock Path Skew:        4.447ns (DCD - SCD + CPR)
    Destination Clock Delay (DCD):    4.447ns
    Source Clock Delay      (SCD):    0.000ns
    Clock Pessimism Removal (CPR):    0.000ns
  Clock Uncertainty:      0.025ns  ((TSJ^2 + TIJ^2)^1/2 + DJ) / 2 + PE
    Total System Jitter     (TSJ):    0.050ns
    Total Input Jitter      (TIJ):    0.000ns
    Discrete Jitter          (DJ):    0.000ns
    Phase Error              (PE):    0.000ns
  Timing Exception:       False Path

    Location             Delay type                Incr(ns)  Path(ns)    Netlist Resource(s)
  -------------------------------------------------------------------    -------------------
    N14                                               0.000     0.000 r  sw1 (IN)
                         net (fo=0)                   0.000     0.000    sw1
    N14                  IBUF (Prop_ibuf_I_O)         1.444     1.444 r  sw1_IBUF_inst/O
                         net (fo=9, routed)           1.990     3.434    u_key1/sw1_IBUF
    SLICE_X4Y76          LUT4 (Prop_lut4_I3_O)        0.105     3.539 r  u_key1/paid_amount[3]_i_5/O
                         net (fo=1, routed)           0.000     3.539    u_key1/paid_amount[3]_i_5_n_0
    SLICE_X4Y76          CARRY4 (Prop_carry4_S[1]_CO[3])
                                                      0.457     3.996 r  u_key1/paid_amount_reg[3]_i_2/CO[3]
                         net (fo=1, routed)           0.000     3.996    u_key1/paid_amount_reg[3]_i_2_n_0
    SLICE_X4Y77          CARRY4 (Prop_carry4_CI_O[1])
                                                      0.265     4.261 r  u_key1/paid_amount_reg[7]_i_2/O[1]
                         net (fo=5, routed)           0.824     5.085    u_key1/inserted_sum[5]
    SLICE_X3Y77          LUT4 (Prop_lut4_I0_O)        0.250     5.335 r  u_key1/blink_mask[3]_i_14/O
                         net (fo=1, routed)           0.000     5.335    u_key1/blink_mask[3]_i_14_n_0
    SLICE_X3Y77          CARRY4 (Prop_carry4_S[2]_CO[3])
                                                      0.332     5.667 r  u_key1/blink_mask_reg[3]_i_6/CO[3]
                         net (fo=1, routed)           0.000     5.667    u_key1/blink_mask_reg[3]_i_6_n_0
    SLICE_X3Y78          CARRY4 (Prop_carry4_CI_CO[0])
                                                      0.216     5.883 r  u_key1/blink_mask_reg[3]_i_5/CO[0]
                         net (fo=4, routed)           0.835     6.717    u_key4/CO[0]
    SLICE_X3Y73          LUT6 (Prop_lut6_I5_O)        0.309     7.026 f  u_key4/event_count[31]_i_3/O
                         net (fo=2, routed)           0.360     7.386    u_key4/press_pulse_reg_0
    SLICE_X4Y72          LUT5 (Prop_lut5_I4_O)        0.105     7.491 r  u_key4/event_count[31]_i_1/O
                         net (fo=32, routed)          1.323     8.815    u_key4_n_0
    SLICE_X3Y66          FDRE                                         r  event_count_reg[1]/CE
  -------------------------------------------------------------------    -------------------

                         (clock sys_clk rise edge)    0.000     0.000 r  
    Y18                                               0.000     0.000 r  clk (IN)
                         net (fo=0)                   0.000     0.000    clk
    Y18                  IBUF (Prop_ibuf_I_O)         1.409     1.409 r  clk_IBUF_inst/O
                         net (fo=1, routed)           1.620     3.030    clk_IBUF
    BUFGCTRL_X0Y0        BUFG (Prop_bufg_I_O)         0.077     3.107 r  clk_IBUF_BUFG_inst/O
                         net (fo=308, routed)         1.341     4.447    clk_IBUF_BUFG
    SLICE_X3Y66          FDRE                                         r  event_count_reg[1]/C

Slack:                    inf
  Source:                 sw1
                            (input port)
  Destination:            event_count_reg[2]/CE
                            (rising edge-triggered cell FDRE clocked by sys_clk  {rise@0.000ns fall@10.000ns period=20.000ns})
  Path Group:             (none)
  Path Type:              Setup (Max at Slow Process Corner)
  Data Path Delay:        8.815ns  (logic 3.483ns (39.515%)  route 5.332ns (60.485%))
  Logic Levels:           9  (CARRY4=4 IBUF=1 LUT4=2 LUT5=1 LUT6=1)
  Clock Path Skew:        4.447ns (DCD - SCD + CPR)
    Destination Clock Delay (DCD):    4.447ns
    Source Clock Delay      (SCD):    0.000ns
    Clock Pessimism Removal (CPR):    0.000ns
  Clock Uncertainty:      0.025ns  ((TSJ^2 + TIJ^2)^1/2 + DJ) / 2 + PE
    Total System Jitter     (TSJ):    0.050ns
    Total Input Jitter      (TIJ):    0.000ns
    Discrete Jitter          (DJ):    0.000ns
    Phase Error              (PE):    0.000ns
  Timing Exception:       False Path

    Location             Delay type                Incr(ns)  Path(ns)    Netlist Resource(s)
  -------------------------------------------------------------------    -------------------
    N14                                               0.000     0.000 r  sw1 (IN)
                         net (fo=0)                   0.000     0.000    sw1
    N14                  IBUF (Prop_ibuf_I_O)         1.444     1.444 r  sw1_IBUF_inst/O
                         net (fo=9, routed)           1.990     3.434    u_key1/sw1_IBUF
    SLICE_X4Y76          LUT4 (Prop_lut4_I3_O)        0.105     3.539 r  u_key1/paid_amount[3]_i_5/O
                         net (fo=1, routed)           0.000     3.539    u_key1/paid_amount[3]_i_5_n_0
    SLICE_X4Y76          CARRY4 (Prop_carry4_S[1]_CO[3])
                                                      0.457     3.996 r  u_key1/paid_amount_reg[3]_i_2/CO[3]
                         net (fo=1, routed)           0.000     3.996    u_key1/paid_amount_reg[3]_i_2_n_0
    SLICE_X4Y77          CARRY4 (Prop_carry4_CI_O[1])
                                                      0.265     4.261 r  u_key1/paid_amount_reg[7]_i_2/O[1]
                         net (fo=5, routed)           0.824     5.085    u_key1/inserted_sum[5]
    SLICE_X3Y77          LUT4 (Prop_lut4_I0_O)        0.250     5.335 r  u_key1/blink_mask[3]_i_14/O
                         net (fo=1, routed)           0.000     5.335    u_key1/blink_mask[3]_i_14_n_0
    SLICE_X3Y77          CARRY4 (Prop_carry4_S[2]_CO[3])
                                                      0.332     5.667 r  u_key1/blink_mask_reg[3]_i_6/CO[3]
                         net (fo=1, routed)           0.000     5.667    u_key1/blink_mask_reg[3]_i_6_n_0
    SLICE_X3Y78          CARRY4 (Prop_carry4_CI_CO[0])
                                                      0.216     5.883 r  u_key1/blink_mask_reg[3]_i_5/CO[0]
                         net (fo=4, routed)           0.835     6.717    u_key4/CO[0]
    SLICE_X3Y73          LUT6 (Prop_lut6_I5_O)        0.309     7.026 f  u_key4/event_count[31]_i_3/O
                         net (fo=2, routed)           0.360     7.386    u_key4/press_pulse_reg_0
    SLICE_X4Y72          LUT5 (Prop_lut5_I4_O)        0.105     7.491 r  u_key4/event_count[31]_i_1/O
                         net (fo=32, routed)          1.323     8.815    u_key4_n_0
    SLICE_X3Y66          FDRE                                         r  event_count_reg[2]/CE
  -------------------------------------------------------------------    -------------------

                         (clock sys_clk rise edge)    0.000     0.000 r  
    Y18                                               0.000     0.000 r  clk (IN)
                         net (fo=0)                   0.000     0.000    clk
    Y18                  IBUF (Prop_ibuf_I_O)         1.409     1.409 r  clk_IBUF_inst/O
                         net (fo=1, routed)           1.620     3.030    clk_IBUF
    BUFGCTRL_X0Y0        BUFG (Prop_bufg_I_O)         0.077     3.107 r  clk_IBUF_BUFG_inst/O
                         net (fo=308, routed)         1.341     4.447    clk_IBUF_BUFG
    SLICE_X3Y66          FDRE                                         r  event_count_reg[2]/C





Min Delay Paths
--------------------------------------------------------------------------------------
Slack:                    inf
  Source:                 key4_n
                            (input port)
  Destination:            u_key4/key_sync_reg[0]/D
                            (rising edge-triggered cell FDPE clocked by sys_clk  {rise@0.000ns fall@10.000ns period=20.000ns})
  Path Group:             (none)
  Path Type:              Hold (Min at Fast Process Corner)
  Data Path Delay:        0.663ns  (logic 0.277ns (41.821%)  route 0.386ns (58.179%))
  Logic Levels:           1  (IBUF=1)
  Clock Path Skew:        2.095ns (DCD - SCD - CPR)
    Destination Clock Delay (DCD):    2.095ns
    Source Clock Delay      (SCD):    0.000ns
    Clock Pessimism Removal (CPR):    -0.000ns
  Timing Exception:       False Path

    Location             Delay type                Incr(ns)  Path(ns)    Netlist Resource(s)
  -------------------------------------------------------------------    -------------------
    R19                                               0.000     0.000 r  key4_n (IN)
                         net (fo=0)                   0.000     0.000    key4_n
    R19                  IBUF (Prop_ibuf_I_O)         0.277     0.277 r  key4_n_IBUF_inst/O
                         net (fo=1, routed)           0.386     0.663    u_key4/D[0]
    SLICE_X0Y87          FDPE                                         r  u_key4/key_sync_reg[0]/D
  -------------------------------------------------------------------    -------------------

                         (clock sys_clk rise edge)    0.000     0.000 r  
    Y18                                               0.000     0.000 r  clk (IN)
                         net (fo=0)                   0.000     0.000    clk
    Y18                  IBUF (Prop_ibuf_I_O)         0.501     0.501 r  clk_IBUF_inst/O
                         net (fo=1, routed)           0.695     1.195    clk_IBUF
    BUFGCTRL_X0Y0        BUFG (Prop_bufg_I_O)         0.029     1.224 r  clk_IBUF_BUFG_inst/O
                         net (fo=308, routed)         0.871     2.095    u_key4/clk_IBUF_BUFG
    SLICE_X0Y87          FDPE                                         r  u_key4/key_sync_reg[0]/C

Slack:                    inf
  Source:                 key3_n
                            (input port)
  Destination:            u_key3/key_sync_reg[0]/D
                            (rising edge-triggered cell FDPE clocked by sys_clk  {rise@0.000ns fall@10.000ns period=20.000ns})
  Path Group:             (none)
  Path Type:              Hold (Min at Fast Process Corner)
  Data Path Delay:        0.689ns  (logic 0.273ns (39.581%)  route 0.416ns (60.419%))
  Logic Levels:           1  (IBUF=1)
  Clock Path Skew:        2.094ns (DCD - SCD - CPR)
    Destination Clock Delay (DCD):    2.094ns
    Source Clock Delay      (SCD):    0.000ns
    Clock Pessimism Removal (CPR):    -0.000ns
  Timing Exception:       False Path

    Location             Delay type                Incr(ns)  Path(ns)    Netlist Resource(s)
  -------------------------------------------------------------------    -------------------
    P19                                               0.000     0.000 r  key3_n (IN)
                         net (fo=0)                   0.000     0.000    key3_n
    P19                  IBUF (Prop_ibuf_I_O)         0.273     0.273 r  key3_n_IBUF_inst/O
                         net (fo=1, routed)           0.416     0.689    u_key3/key_sync_reg[0]_0[0]
    SLICE_X3Y86          FDPE                                         r  u_key3/key_sync_reg[0]/D
  -------------------------------------------------------------------    -------------------

                         (clock sys_clk rise edge)    0.000     0.000 r  
    Y18                                               0.000     0.000 r  clk (IN)
                         net (fo=0)                   0.000     0.000    clk
    Y18                  IBUF (Prop_ibuf_I_O)         0.501     0.501 r  clk_IBUF_inst/O
                         net (fo=1, routed)           0.695     1.195    clk_IBUF
    BUFGCTRL_X0Y0        BUFG (Prop_bufg_I_O)         0.029     1.224 r  clk_IBUF_BUFG_inst/O
                         net (fo=308, routed)         0.870     2.094    u_key3/clk_IBUF_BUFG
    SLICE_X3Y86          FDPE                                         r  u_key3/key_sync_reg[0]/C

Slack:                    inf
  Source:                 sw4_rst_n
                            (input port)
  Destination:            u_display/scan_count_reg[0]/CLR
                            (removal check against rising-edge clock sys_clk  {rise@0.000ns fall@10.000ns period=20.000ns})
  Path Group:             (none)
  Path Type:              Removal (Min at Fast Process Corner)
  Data Path Delay:        0.818ns  (logic 0.229ns (27.940%)  route 0.590ns (72.060%))
  Logic Levels:           1  (IBUF=1)
  Clock Path Skew:        2.094ns (DCD - SCD - CPR)
    Destination Clock Delay (DCD):    2.094ns
    Source Clock Delay      (SCD):    0.000ns
    Clock Pessimism Removal (CPR):    -0.000ns
  Timing Exception:       False Path

    Location             Delay type                Incr(ns)  Path(ns)    Netlist Resource(s)
  -------------------------------------------------------------------    -------------------
    N15                                               0.000     0.000 f  sw4_rst_n (IN)
                         net (fo=0)                   0.000     0.000    sw4_rst_n
    N15                  IBUF (Prop_ibuf_I_O)         0.229     0.229 f  sw4_rst_n_IBUF_inst/O
                         net (fo=277, routed)         0.590     0.818    u_display/sw4_rst_n_IBUF
    SLICE_X0Y64          FDCE                                         f  u_display/scan_count_reg[0]/CLR
  -------------------------------------------------------------------    -------------------

                         (clock sys_clk rise edge)    0.000     0.000 r  
    Y18                                               0.000     0.000 r  clk (IN)
                         net (fo=0)                   0.000     0.000    clk
    Y18                  IBUF (Prop_ibuf_I_O)         0.501     0.501 r  clk_IBUF_inst/O
                         net (fo=1, routed)           0.695     1.195    clk_IBUF
    BUFGCTRL_X0Y0        BUFG (Prop_bufg_I_O)         0.029     1.224 r  clk_IBUF_BUFG_inst/O
                         net (fo=308, routed)         0.870     2.094    u_display/clk_IBUF_BUFG
    SLICE_X0Y64          FDCE                                         r  u_display/scan_count_reg[0]/C

Slack:                    inf
  Source:                 sw4_rst_n
                            (input port)
  Destination:            u_display/scan_count_reg[1]/CLR
                            (removal check against rising-edge clock sys_clk  {rise@0.000ns fall@10.000ns period=20.000ns})
  Path Group:             (none)
  Path Type:              Removal (Min at Fast Process Corner)
  Data Path Delay:        0.818ns  (logic 0.229ns (27.940%)  route 0.590ns (72.060%))
  Logic Levels:           1  (IBUF=1)
  Clock Path Skew:        2.094ns (DCD - SCD - CPR)
    Destination Clock Delay (DCD):    2.094ns
    Source Clock Delay      (SCD):    0.000ns
    Clock Pessimism Removal (CPR):    -0.000ns
  Timing Exception:       False Path

    Location             Delay type                Incr(ns)  Path(ns)    Netlist Resource(s)
  -------------------------------------------------------------------    -------------------
    N15                                               0.000     0.000 f  sw4_rst_n (IN)
                         net (fo=0)                   0.000     0.000    sw4_rst_n
    N15                  IBUF (Prop_ibuf_I_O)         0.229     0.229 f  sw4_rst_n_IBUF_inst/O
                         net (fo=277, routed)         0.590     0.818    u_display/sw4_rst_n_IBUF
    SLICE_X0Y64          FDCE                                         f  u_display/scan_count_reg[1]/CLR
  -------------------------------------------------------------------    -------------------

                         (clock sys_clk rise edge)    0.000     0.000 r  
    Y18                                               0.000     0.000 r  clk (IN)
                         net (fo=0)                   0.000     0.000    clk
    Y18                  IBUF (Prop_ibuf_I_O)         0.501     0.501 r  clk_IBUF_inst/O
                         net (fo=1, routed)           0.695     1.195    clk_IBUF
    BUFGCTRL_X0Y0        BUFG (Prop_bufg_I_O)         0.029     1.224 r  clk_IBUF_BUFG_inst/O
                         net (fo=308, routed)         0.870     2.094    u_display/clk_IBUF_BUFG
    SLICE_X0Y64          FDCE                                         r  u_display/scan_count_reg[1]/C

Slack:                    inf
  Source:                 sw4_rst_n
                            (input port)
  Destination:            u_display/scan_count_reg[2]/CLR
                            (removal check against rising-edge clock sys_clk  {rise@0.000ns fall@10.000ns period=20.000ns})
  Path Group:             (none)
  Path Type:              Removal (Min at Fast Process Corner)
  Data Path Delay:        0.818ns  (logic 0.229ns (27.940%)  route 0.590ns (72.060%))
  Logic Levels:           1  (IBUF=1)
  Clock Path Skew:        2.094ns (DCD - SCD - CPR)
    Destination Clock Delay (DCD):    2.094ns
    Source Clock Delay      (SCD):    0.000ns
    Clock Pessimism Removal (CPR):    -0.000ns
  Timing Exception:       False Path

    Location             Delay type                Incr(ns)  Path(ns)    Netlist Resource(s)
  -------------------------------------------------------------------    -------------------
    N15                                               0.000     0.000 f  sw4_rst_n (IN)
                         net (fo=0)                   0.000     0.000    sw4_rst_n
    N15                  IBUF (Prop_ibuf_I_O)         0.229     0.229 f  sw4_rst_n_IBUF_inst/O
                         net (fo=277, routed)         0.590     0.818    u_display/sw4_rst_n_IBUF
    SLICE_X0Y64          FDCE                                         f  u_display/scan_count_reg[2]/CLR
  -------------------------------------------------------------------    -------------------

                         (clock sys_clk rise edge)    0.000     0.000 r  
    Y18                                               0.000     0.000 r  clk (IN)
                         net (fo=0)                   0.000     0.000    clk
    Y18                  IBUF (Prop_ibuf_I_O)         0.501     0.501 r  clk_IBUF_inst/O
                         net (fo=1, routed)           0.695     1.195    clk_IBUF
    BUFGCTRL_X0Y0        BUFG (Prop_bufg_I_O)         0.029     1.224 r  clk_IBUF_BUFG_inst/O
                         net (fo=308, routed)         0.870     2.094    u_display/clk_IBUF_BUFG
    SLICE_X0Y64          FDCE                                         r  u_display/scan_count_reg[2]/C

Slack:                    inf
  Source:                 sw4_rst_n
                            (input port)
  Destination:            u_display/scan_count_reg[3]/CLR
                            (removal check against rising-edge clock sys_clk  {rise@0.000ns fall@10.000ns period=20.000ns})
  Path Group:             (none)
  Path Type:              Removal (Min at Fast Process Corner)
  Data Path Delay:        0.818ns  (logic 0.229ns (27.940%)  route 0.590ns (72.060%))
  Logic Levels:           1  (IBUF=1)
  Clock Path Skew:        2.094ns (DCD - SCD - CPR)
    Destination Clock Delay (DCD):    2.094ns
    Source Clock Delay      (SCD):    0.000ns
    Clock Pessimism Removal (CPR):    -0.000ns
  Timing Exception:       False Path

    Location             Delay type                Incr(ns)  Path(ns)    Netlist Resource(s)
  -------------------------------------------------------------------    -------------------
    N15                                               0.000     0.000 f  sw4_rst_n (IN)
                         net (fo=0)                   0.000     0.000    sw4_rst_n
    N15                  IBUF (Prop_ibuf_I_O)         0.229     0.229 f  sw4_rst_n_IBUF_inst/O
                         net (fo=277, routed)         0.590     0.818    u_display/sw4_rst_n_IBUF
    SLICE_X0Y64          FDCE                                         f  u_display/scan_count_reg[3]/CLR
  -------------------------------------------------------------------    -------------------

                         (clock sys_clk rise edge)    0.000     0.000 r  
    Y18                                               0.000     0.000 r  clk (IN)
                         net (fo=0)                   0.000     0.000    clk
    Y18                  IBUF (Prop_ibuf_I_O)         0.501     0.501 r  clk_IBUF_inst/O
                         net (fo=1, routed)           0.695     1.195    clk_IBUF
    BUFGCTRL_X0Y0        BUFG (Prop_bufg_I_O)         0.029     1.224 r  clk_IBUF_BUFG_inst/O
                         net (fo=308, routed)         0.870     2.094    u_display/clk_IBUF_BUFG
    SLICE_X0Y64          FDCE                                         r  u_display/scan_count_reg[3]/C

Slack:                    inf
  Source:                 sw4_rst_n
                            (input port)
  Destination:            u_display/scan_count_reg[4]/CLR
                            (removal check against rising-edge clock sys_clk  {rise@0.000ns fall@10.000ns period=20.000ns})
  Path Group:             (none)
  Path Type:              Removal (Min at Fast Process Corner)
  Data Path Delay:        0.818ns  (logic 0.229ns (27.940%)  route 0.590ns (72.060%))
  Logic Levels:           1  (IBUF=1)
  Clock Path Skew:        2.094ns (DCD - SCD - CPR)
    Destination Clock Delay (DCD):    2.094ns
    Source Clock Delay      (SCD):    0.000ns
    Clock Pessimism Removal (CPR):    -0.000ns
  Timing Exception:       False Path

    Location             Delay type                Incr(ns)  Path(ns)    Netlist Resource(s)
  -------------------------------------------------------------------    -------------------
    N15                                               0.000     0.000 f  sw4_rst_n (IN)
                         net (fo=0)                   0.000     0.000    sw4_rst_n
    N15                  IBUF (Prop_ibuf_I_O)         0.229     0.229 f  sw4_rst_n_IBUF_inst/O
                         net (fo=277, routed)         0.590     0.818    u_display/sw4_rst_n_IBUF
    SLICE_X0Y64          FDCE                                         f  u_display/scan_count_reg[4]/CLR
  -------------------------------------------------------------------    -------------------

                         (clock sys_clk rise edge)    0.000     0.000 r  
    Y18                                               0.000     0.000 r  clk (IN)
                         net (fo=0)                   0.000     0.000    clk
    Y18                  IBUF (Prop_ibuf_I_O)         0.501     0.501 r  clk_IBUF_inst/O
                         net (fo=1, routed)           0.695     1.195    clk_IBUF
    BUFGCTRL_X0Y0        BUFG (Prop_bufg_I_O)         0.029     1.224 r  clk_IBUF_BUFG_inst/O
                         net (fo=308, routed)         0.870     2.094    u_display/clk_IBUF_BUFG
    SLICE_X0Y64          FDCE                                         r  u_display/scan_count_reg[4]/C

Slack:                    inf
  Source:                 sw4_rst_n
                            (input port)
  Destination:            u_display/scan_count_reg[5]/CLR
                            (removal check against rising-edge clock sys_clk  {rise@0.000ns fall@10.000ns period=20.000ns})
  Path Group:             (none)
  Path Type:              Removal (Min at Fast Process Corner)
  Data Path Delay:        0.818ns  (logic 0.229ns (27.940%)  route 0.590ns (72.060%))
  Logic Levels:           1  (IBUF=1)
  Clock Path Skew:        2.094ns (DCD - SCD - CPR)
    Destination Clock Delay (DCD):    2.094ns
    Source Clock Delay      (SCD):    0.000ns
    Clock Pessimism Removal (CPR):    -0.000ns
  Timing Exception:       False Path

    Location             Delay type                Incr(ns)  Path(ns)    Netlist Resource(s)
  -------------------------------------------------------------------    -------------------
    N15                                               0.000     0.000 f  sw4_rst_n (IN)
                         net (fo=0)                   0.000     0.000    sw4_rst_n
    N15                  IBUF (Prop_ibuf_I_O)         0.229     0.229 f  sw4_rst_n_IBUF_inst/O
                         net (fo=277, routed)         0.590     0.818    u_display/sw4_rst_n_IBUF
    SLICE_X0Y64          FDCE                                         f  u_display/scan_count_reg[5]/CLR
  -------------------------------------------------------------------    -------------------

                         (clock sys_clk rise edge)    0.000     0.000 r  
    Y18                                               0.000     0.000 r  clk (IN)
                         net (fo=0)                   0.000     0.000    clk
    Y18                  IBUF (Prop_ibuf_I_O)         0.501     0.501 r  clk_IBUF_inst/O
                         net (fo=1, routed)           0.695     1.195    clk_IBUF
    BUFGCTRL_X0Y0        BUFG (Prop_bufg_I_O)         0.029     1.224 r  clk_IBUF_BUFG_inst/O
                         net (fo=308, routed)         0.870     2.094    u_display/clk_IBUF_BUFG
    SLICE_X0Y64          FDCE                                         r  u_display/scan_count_reg[5]/C

Slack:                    inf
  Source:                 sw4_rst_n
                            (input port)
  Destination:            u_display/scan_count_reg[14]/CLR
                            (removal check against rising-edge clock sys_clk  {rise@0.000ns fall@10.000ns period=20.000ns})
  Path Group:             (none)
  Path Type:              Removal (Min at Fast Process Corner)
  Data Path Delay:        0.956ns  (logic 0.229ns (23.919%)  route 0.727ns (76.081%))
  Logic Levels:           1  (IBUF=1)
  Clock Path Skew:        2.091ns (DCD - SCD - CPR)
    Destination Clock Delay (DCD):    2.091ns
    Source Clock Delay      (SCD):    0.000ns
    Clock Pessimism Removal (CPR):    -0.000ns
  Timing Exception:       False Path

    Location             Delay type                Incr(ns)  Path(ns)    Netlist Resource(s)
  -------------------------------------------------------------------    -------------------
    N15                                               0.000     0.000 f  sw4_rst_n (IN)
                         net (fo=0)                   0.000     0.000    sw4_rst_n
    N15                  IBUF (Prop_ibuf_I_O)         0.229     0.229 f  sw4_rst_n_IBUF_inst/O
                         net (fo=277, routed)         0.727     0.956    u_display/sw4_rst_n_IBUF
    SLICE_X0Y67          FDCE                                         f  u_display/scan_count_reg[14]/CLR
  -------------------------------------------------------------------    -------------------

                         (clock sys_clk rise edge)    0.000     0.000 r  
    Y18                                               0.000     0.000 r  clk (IN)
                         net (fo=0)                   0.000     0.000    clk
    Y18                  IBUF (Prop_ibuf_I_O)         0.501     0.501 r  clk_IBUF_inst/O
                         net (fo=1, routed)           0.695     1.195    clk_IBUF
    BUFGCTRL_X0Y0        BUFG (Prop_bufg_I_O)         0.029     1.224 r  clk_IBUF_BUFG_inst/O
                         net (fo=308, routed)         0.867     2.091    u_display/clk_IBUF_BUFG
    SLICE_X0Y67          FDCE                                         r  u_display/scan_count_reg[14]/C

Slack:                    inf
  Source:                 sw4_rst_n
                            (input port)
  Destination:            u_display/scan_count_reg[15]/CLR
                            (removal check against rising-edge clock sys_clk  {rise@0.000ns fall@10.000ns period=20.000ns})
  Path Group:             (none)
  Path Type:              Removal (Min at Fast Process Corner)
  Data Path Delay:        0.956ns  (logic 0.229ns (23.919%)  route 0.727ns (76.081%))
  Logic Levels:           1  (IBUF=1)
  Clock Path Skew:        2.091ns (DCD - SCD - CPR)
    Destination Clock Delay (DCD):    2.091ns
    Source Clock Delay      (SCD):    0.000ns
    Clock Pessimism Removal (CPR):    -0.000ns
  Timing Exception:       False Path

    Location             Delay type                Incr(ns)  Path(ns)    Netlist Resource(s)
  -------------------------------------------------------------------    -------------------
    N15                                               0.000     0.000 f  sw4_rst_n (IN)
                         net (fo=0)                   0.000     0.000    sw4_rst_n
    N15                  IBUF (Prop_ibuf_I_O)         0.229     0.229 f  sw4_rst_n_IBUF_inst/O
                         net (fo=277, routed)         0.727     0.956    u_display/sw4_rst_n_IBUF
    SLICE_X0Y67          FDCE                                         f  u_display/scan_count_reg[15]/CLR
  -------------------------------------------------------------------    -------------------

                         (clock sys_clk rise edge)    0.000     0.000 r  
    Y18                                               0.000     0.000 r  clk (IN)
                         net (fo=0)                   0.000     0.000    clk
    Y18                  IBUF (Prop_ibuf_I_O)         0.501     0.501 r  clk_IBUF_inst/O
                         net (fo=1, routed)           0.695     1.195    clk_IBUF
    BUFGCTRL_X0Y0        BUFG (Prop_bufg_I_O)         0.029     1.224 r  clk_IBUF_BUFG_inst/O
                         net (fo=308, routed)         0.867     2.091    u_display/clk_IBUF_BUFG
    SLICE_X0Y67          FDCE                                         r  u_display/scan_count_reg[15]/C





